https://scontent-arn2-1.cdninstagram.com/t51.2885-15/sh0.08/e35/21480418_1943634345903527_1360258160308256768_n.jpg,ğŸ‘ğŸ‘ğŸ‘ ğŸ˜ğŸ˜ Do You Love Tropical Music? Ge Lina Dolk sin lÃ¶n dÃ¥!! Kommer inte klara en dag utan hennes bloggğŸ˜• Ja varfÃ¶r betalar ni inte ut lÃ¶n till @liinadolk ?!,Stort grattis till Andrea Norrman som fyller 21 Ã¥r idag!! ğŸ¾ğŸ‰ğŸ’• #finestse #lifestylepublishing #birthday #birthdaygirl #stockholm #sweden #blogger #blogg #inspo #vscocam #vsco #tumblr,birthday inspo birthdaygirl lifestylepublishing vscocam blogg tumblr sweden vsco stockholm blogger finestse
https://scontent-arn2-1.cdninstagram.com/t51.2885-15/sh0.08/e35/21433317_1386714001449889_1963761998097285120_n.jpg,ğŸ˜ğŸ˜˜,Hej Paris! ğŸ—¼ FÃ¶lj Stefanis drÃ¶mmiga resa pÃ¥ bloggen ğŸ˜ @steff_stefani #finestse #lifestylepublishing #inspo #paris #travel #resa #blogg #bilder #vscocam #tumblr #glÃ¤dje #sverige #stockholm #europa,inspo resa glÃ¤dje travel lifestylepublishing bilder vscocam blogg tumblr sverige paris europa stockholm finestse
https://scontent-arn2-1.cdninstagram.com/t51.2885-15/sh0.08/e35/21296327_237692560087931_4425760066754314240_n.jpg,Jag har en blogg hos er :) @finestse,HÃ¤r har vi @amandafranzeen som bloggar pÃ¥ Finest! â¤ Har du en blogg eller kÃ¤nner nÃ¥gon som ska starta en? Tveka inte att kontakta redaktionen ğŸ˜Š #finestse #lifestylepublishing #fotboll #djurgÃ¥rden #inspo #blogger #stockholm #sverige #blogginlÃ¤gg #rÃ¤dsla #vscocam #tumblr,inspo fotboll lifestylepublishing vscocam tumblr sverige blogginlÃ¤gg djurgÃ¥rden rÃ¤dsla stockholm blogger finestse
https://scontent-arn2-1.cdninstagram.com/t51.2885-15/sh0.08/e35/21227484_1614059858675449_1918162081207549952_n.jpg,@feliciabellonius ğŸ˜ğŸ˜ğŸ˜ ğŸ˜Œ @strandlinnea ğŸ‘ŒğŸ‘ŒğŸ‘,SÃ¶ndagar ğŸ˜ğŸ‘Œ Tagga nÃ¥gon du vill Ã¤ta pannkakor med ğŸ’• . . #finestse #lifestylepublishing #breakfast #sunday #frukost #sÃ¶ndag #helg #pannkakor #glass #inspo #mat #vscocam #tumblr,inspo lifestylepublishing pannkakor vscocam sunday breakfast frukost mat tumblr sÃ¶ndag glass finestse helg
https://scontent-arn2-1.cdninstagram.com/t51.2885-15/sh0.08/e35/21107530_166903080532932_6632824226933899264_n.jpg,Sweet (: ğŸ‘ğŸ‘ğŸ‘,Se alla bilder frÃ¥n Formex Afterwork med Lifestyle Publishing pÃ¥ Finest.se! (LÃ¤nk i bio) ğŸ˜ğŸ‘ŒğŸ‰ #finestse #lifestylepublishing #event #clarionsign #inspo #bloggers #blog #vscocam #tumblr #galleri #hotel #vimmel #stockholm #sweden,inspo blog vimmel lifestylepublishing finestse vscocam galleri tumblr hotel sweden event stockholm bloggers clarionsign
https://scontent-arn2-1.cdninstagram.com/t51.2885-15/sh0.08/e35/20902686_1125011244267387_3573117403896217600_n.jpg,ğŸ‘ğŸ‘,Trevlig helg! ğŸ˜ğŸ˜ğŸ˜ @nicolinehedlund #inspo #food #friyay #happy #stockholm #vscocam #tumblr,friyay inspo food vscocam tumblr stockholm happy
https://scontent-arn2-1.cdninstagram.com/t51.2885-15/sh0.08/e35/20968543_339866873118706_2200854784225837056_n.jpg,Tack sjÃ¤lva bÃ¤sta ni â¤ï¸ ğŸ˜˜ @isabellajedler @isabellajedler â¤â¤ â¤ï¸â¤ï¸â¤ï¸,Vi tackar @isabellajedler fÃ¶r mÃ¥nga fina Ã¥r tillsammans med oss pÃ¥ Finest. Isabella har bestÃ¤mt sig fÃ¶r att lÃ¤gga ner bloggen och satsa pÃ¥ sina andra kanaler och projekt istÃ¤llet. Tusen tack fÃ¶r allt  du Ã¤r verkligen en glÃ¤djespridare och stor inspirationskÃ¤llan! LÃ¤s om varfÃ¶r hon vÃ¤ljer att sluta blogga helt pÃ¥ hennes sista inlÃ¤gg pÃ¥ bloggen. â¤ #finestse #lifestyle #lifestylepublishing #blog #beautiful #vscocam #tumblr #inspo #love #stockholm #sweden,lifestyle love inspo blog lifestylepublishing vscocam tumblr sweden stockholm beautiful finestse
https://scontent-arn2-1.cdninstagram.com/t51.2885-15/sh0.08/e35/20687153_210099829521401_8045062559654477824_n.jpg,ğŸ‘ŒğŸ‘ŒğŸ‘Œ Sweet ğŸ˜ğŸ‘Œ ğŸ‘Œ,Vilket paradis! IkvÃ¤ll ska vi pÃ¥ ett event hÃ¤r i Bodrum som @lifestyleworldturkey arrangerar  det kommer bli grymt! â˜€ï¸ğŸ‘ŒğŸ˜ #lifestyle #bodrum #turkey #event #travel #summer #sun #paradise,lifestyle bodrum travel turkey event paradise summer sun
https://scontent-arn2-1.cdninstagram.com/t51.2885-15/sh0.08/e35/20633714_1790771724546288_3477566441828384768_n.jpg,VarfÃ¶r retuschera sÃ¥ hÃ¥rt sÃ¥ det ser onaturligt och stelt ut? Ã„r det bra budskap till ungdomar  framfÃ¶rallt tjejer  att utseendet nÃ¤stintill Ã¤r omÃ¶jligt att nÃ¥ pÃ¥ naturlig vÃ¤g? @alex4pilot Vad snackar du om? Jag Ã¤r utbildad makeupartist  hade varit konstigt om jag inte kunde lÃ¤gga en perfekt bas med tanke pÃ¥ att det inte ens Ã¤r svÃ¥rt. Coola ner lite,SÃ¶ndagar ğŸ˜ğŸ‘ŒğŸ’¥ @johannaherrstedt . . #finestse #lifestyle #lifestylepublishing #inspo #brunch #food #vscocam #tumblr #love #sweden #stockholm #blogger #influencer,lifestyle love inspo influencer lifestylepublishing food vscocam tumblr sweden brunch stockholm blogger finestse
https://scontent-arn2-1.cdninstagram.com/t51.2885-15/sh0.08/e35/20482727_109353436399719_7157122171930673152_n.jpg,Woooop ğŸ˜ğŸ˜ @ellinorbjurstrom ğŸ˜ğŸ˜˜ ğŸ‘ğŸ‘ğŸ‘ğŸ‘ŒğŸ‘ŒğŸ‘ŒğŸŒŸğŸŒŸğŸŒŸğŸŒŸğŸŒŸ,Trevlig helg och happy pride!! â¤ğŸ¾ğŸ’¥ . .  #finestse #lifestylepublishing #love #pride #stockholm #sweden #vscocam #tumblr #inspo #weekend #friday,love inspo friday lifestylepublishing vscocam tumblr pride sweden stockholm weekend finestse
https://scontent-arn2-1.cdninstagram.com/t51.2885-15/sh0.08/e35/20482106_300326427042461_3456500451875225600_n.jpg,,Missa inte @diabetesmannens inlÃ¤gg "SÃ¥ kommer du Ã¶ver ditt ex - 6 bra tips" ğŸ˜ğŸ‘ #finestse #fashion #street #ootd #lifestylepublishing #lifestyle #photography #ibspiration #blog #vscocam #tumblr,photography lifestyle blog fashion ootd lifestylepublishing vscocam tumblr street ibspiration finestse
https://scontent-arn2-1.cdninstagram.com/t51.2885-15/sh0.08/e35/20481837_107643396580926_6225271855343730688_n.jpg,ğŸ‘‹ğŸ»ğŸ˜ğŸŒŸ,SÃ¤g Hej till Finest nya toppbloggare @ingridskoog ğŸ˜€ Ingrid Ã¤r dressyrryttare och driver en av Sveriges stÃ¶rsta bloggar! FÃ¶lj hennes vardag pÃ¥ Ingridskoog.se och missa inte intervjun med Ingrid pÃ¥ Finest.se â¤â˜€ï¸ #finestse #lifestylepublishing #inspo #toppbloggare #blog #hÃ¤st #dressyr #ryttare #vscocam #tumblr #sverige #sweden #swe #intervju,hÃ¤st ryttare inspo blog swe dressyr lifestylepublishing vscocam intervju tumblr sverige sweden toppbloggare finestse
https://scontent-arn2-1.cdninstagram.com/t51.2885-15/sh0.08/e35/20482114_106882976677078_4195711276099305472_n.jpg,Hur gÃ¶r man fÃ¶r att bli bloggare hos er? @my8rn Hej  du registrerar dig pÃ¥ vÃ¥r hemsida Finest.se. DÃ¤r finns en knapp fÃ¶r nya bloggare. Vad roligt att du funderar pÃ¥ att bÃ¶rja hos oss ğŸ™ŒğŸ»ğŸ˜˜,Bloggerskan @andreanorrman Ã¤r gravid! FÃ¶lj hennes vardag pÃ¥ bloggen ğŸ˜ğŸŒ¼ . .  #finestse #lifestylepublishing #pregnant #blog #inspo #vscocam #tumblr #happy #indpiration #sverige #blogg,inspo indpiration blog pregnant lifestylepublishing vscocam tumblr sverige blogg finestse happy
https://scontent-arn2-1.cdninstagram.com/t51.2885-15/sh0.08/e35/20398739_1284188685025753_5897011065438339072_n.jpg,,Ny vecka och dags fÃ¶r frukost! ğŸ˜ @emimiil bjuder i vanlig ordning pÃ¥ inspirerande frukostmÃ¥l pÃ¥ bloggen ğŸ’ªğŸ˜â˜€ï¸ #finestse #lifestylepublishing #inspo #vscocam #tumblr #fruit #breakfast #monday #morning,morning fruit inspo vscocam lifestylepublishing tumblr breakfast finestse monday
https://scontent-arn2-1.cdninstagram.com/t51.2885-15/sh0.08/e35/19954869_113403165966064_137497700034674688_n.jpg,ğŸ˜€ğŸ’ªğŸ¼â˜€ï¸ğŸ™ŒğŸ½,Trevlig helg frÃ¥n ett gÃ¤ng som har haft ett kÃ¤mpigt trÃ¤ningspass med @pt_staffan i HumlegÃ¥rden! Vi Ã¤r heeelt slut ğŸ˜‚ğŸ’ªğŸ˜€â˜€ï¸ .  #finestse #weekend #training #summer #inspo #sun #vscocam #tumblr #vsco #stockholm #sweden #blog #inspiration #motivation,motivation training inspo inspiration blog vscocam finestse tumblr vsco sweden stockholm weekend summer sun
https://scontent-arn2-1.cdninstagram.com/t51.2885-15/sh0.08/e35/19985002_1357050154331477_5144522414243184640_n.jpg,ğŸ’¥,SommarkvÃ¤llar â¤  @amandafranzeen #finestse #lifestylepublishing #lifestyle #sunset #sweden #summer #love #vscocam #tumblr #instagram,lifestyle instagram love lifestylepublishing vscocam tumblr sunset sweden summer finestse
https://scontent-arn2-1.cdninstagram.com/t51.2885-15/sh0.08/e35/19986022_1865075153812762_7774879915253432320_n.jpg,Tusen tack @finestse ğŸ™â¤ï¸â¤ï¸â¤ï¸,@citycatwalk har inte bara en grymt snygg stil hon har ocksÃ¥ en vÃ¤ldigt inspirerande blogg -> Citycatwalk.nu ğŸ‘ŒğŸ’• #finestse #lifestylepublishing #inspo #fashion #style #summer #vscocam #tumblr #blog #fashionista #outfit,inspo blog style fashion lifestylepublishing vscocam fashionista tumblr outfit summer finestse
https://scontent-arn2-1.cdninstagram.com/t51.2885-15/sh0.08/e35/19932423_334830090272757_4579911450939621376_n.jpg,ğŸ˜â¤ï¸â¤ï¸â¤ï¸â¤ï¸ğŸ˜â¤ï¸ğŸ˜â¤ï¸ğŸ˜â¤ï¸ â¤ï¸â¤ï¸â¤ï¸,@isabellajedler och hennes  pojkvÃ¤n Ã¤r Couple GOALS! ğŸ˜ğŸ˜˜ #finestse #lifestyleworld #lifestyle #inspo #goals #couple #stockholm #sweden #love #vscocam #tumblr,lifestyle love inspo couple vscocam lifestyleworld tumblr sweden stockholm finestse goals
https://scontent-arn2-1.cdninstagram.com/t51.2885-15/sh0.08/e35/19933279_476331906052353_5522681661747101696_n.jpg,Ã…h tusen tack bÃ¤sta ni! ğŸ˜â¤â¤â¤ @jessicalaureen â¤â¤â¤,SÃ¥ fin bild @jessicalaureen â¤â˜€ï¸ FÃ¶lj Jessicas blogg pÃ¥ Finest fÃ¶r en massa inspiration -> Finest.se/jessicaslife ğŸ‘ŒğŸ˜Š #finestse #lifestyleworld #lifestyle #blog #inspo #happy #love #vscocam #tumblr #inspiration,lifestyle love inspo inspiration blog vscocam lifestyleworld tumblr finestse happy
https://scontent-arn2-1.cdninstagram.com/t51.2885-15/sh0.08/e35/19932874_500518203620161_5238564451220717568_n.jpg,,@amandafranzeen njuter av lite balkonghÃ¤ng denna fina lÃ¶rdag! ğŸ˜â˜€ï¸ #finestse #lifestyleworld #inspo #stockholm #sweden #vscocam #tumblr #blog,inspo blog vscocam lifestyleworld tumblr sweden stockholm finestse
https://scontent-arn2-1.cdninstagram.com/t51.2885-15/sh0.08/e35/19932272_1075838422546758_167848086431858688_n.jpg,ğŸ‘ŠğŸ»ğŸ’•ğŸ¤— Hope you have a great day!,Dags att kicka igÃ¥ng den hÃ¤r fredagen ğŸ‘ŠğŸ˜ƒâ˜€ï¸ @phinelondon #finestse #lifestyleworld #lifestyle #happy #coffeetime #coffee #inspo #stockholm #swwden #blog #vscocam #tumblr,lifestyle coffeetime inspo swwden blog vscocam lifestyleworld coffee tumblr stockholm finestse happy
https://scontent-arn2-1.cdninstagram.com/t51.2885-15/sh0.08/e35/19931656_1379530005470720_5189588518237634560_n.jpg,,BehÃ¶ver du idÃ©er pÃ¥ matrÃ¤tter? PÃ¥ @deniceemoberg s blogg hittar du smarriga recept! VÃ¤rt att spana in ğŸ˜‹ #finestse #lifestyleworld #lifestyle #training #gym #inspo #motivation #inspiration #vscocam #tumblr,lifestyle training inspo inspiration vscocam gym lifestyleworld tumblr motivation finestse
https://scontent-arn2-1.cdninstagram.com/t51.2885-15/sh0.08/e35/19623583_204483770076693_5955965126573031424_n.jpg,BÃ¤sta niii! TACK.ğŸ˜ğŸ˜˜â¤ @fiaanderberg â¤â¤,Hos @fiaanderberg hittar man alltid massa peppande texter  hÃ¤rliga bilder och kroppspositivitet. ğŸ‘Œ Du Ã¤r grym Fiiaan! ğŸ™Œâ¤ #finestse #lifestyleworld #lifestyle #motivation #inspo #happy #blogg #pepp #travel #blog #inspiration #tumblr #vscocam,lifestyle inspo inspiration blog pepp travel vscocam lifestyleworld blogg tumblr motivation finestse happy
https://scontent-arn2-1.cdninstagram.com/t51.2885-15/sh0.08/e35/19624133_313436265783569_4951875169464352768_n.jpg,,I fredags hade vi en mysig picknick pÃ¥ kontoret! ğŸ™Œ Ni hittar alla bilder pÃ¥ Finest.se â¤â˜€ï¸ğŸ“· @juliaviklund #finestse #lifestyleworld #lifestyle #inspo #picknick #sweden #stockholm #sthlm #bloggers #blog,lifestyle inspo blog picknick lifestyleworld sweden stockholm bloggers sthlm finestse
https://scontent-arn2-1.cdninstagram.com/t51.2885-15/sh0.08/e35/19533706_1529805740372969_3424776964433510400_n.jpg,Alla kan om dom vÃ¥gar ğŸ˜˜ğŸ˜˜ğŸ˜˜ğŸ˜˜,@sindyniklasson rockar vilken outfit som helst  eller vad sÃ¤ger ni? ğŸ˜ğŸ‘Œ #finestse #lifestyle #lifestyleworld #outfit #stockholm #rock #2017 #vscocam #tumblr #vsco #sweden #inspo,2017 lifestyle inspo rock vscocam lifestyleworld tumblr vsco sweden outfit stockholm finestse
https://scontent-arn2-1.cdninstagram.com/t51.2885-15/sh0.08/e35/19429252_228744030967684_2566936849981374464_n.jpg,â¤ï¸â¤ï¸ SÃ¥ fin tjej ğŸ˜ Nice ğŸŒ¸,Fina @nicolinehedlund â˜€ï¸ Missa inte hennes blogg pÃ¥ Finest! ğŸ˜â˜€ï¸ğŸ˜Š . .  #finestse #lifestyle #lifestyleworld #inspo #fashion #summer #tumblr #ootd #vscocam #blog,lifestyle inspo blog fashion ootd vscocam lifestyleworld tumblr summer finestse
https://scontent-arn2-1.cdninstagram.com/t51.2885-15/sh0.08/e35/19367706_1808183652844464_7088897179074428928_n.jpg,Fiiina â¤ ğŸ˜ â¤,Nu hittar du alla bilder frÃ¥n gÃ¥rdagens lanseringsevent fÃ¶r @poisepattern.se pÃ¥ Finest.se! ğŸ˜ğŸ¾â˜€ï¸ #finestse #lifestyleworld #lifestyle #event #inspo #stockholm #sweden #vscocam #tumblr,lifestyle inspo vscocam lifestyleworld tumblr sweden event stockholm finestse
https://scontent-arn2-1.cdninstagram.com/t51.2885-15/sh0.08/e35/19228008_241002269725203_362640207813541888_n.jpg,ğŸ˜ğŸ‘ŒğŸ¼ğŸ‘ŒğŸ¼ ğŸ’š,Lunchdags ğŸ˜â˜€ï¸ğŸ‘Œ @izahaggstrom #finestse #lifestyleworld #lifestyle #inspo #food #lunch #vscocam #tumblr #stockholm #sweden,lifestyle inspo lunch food vscocam lifestyleworld tumblr sweden stockholm finestse
https://scontent-arn2-1.cdninstagram.com/t51.2885-15/sh0.08/e35/14624690_846512672168742_3388324378696482816_n.jpg,,@steff_steffani njuter av det fina vÃ¤dret â˜€ï¸ PÃ¥ hennes blogg hittar ni hÃ¤rliga bilder frÃ¥n Grekland ğŸ˜  #finestse #lifestyleworld #inspo #fashion #summee #sun #sweden #stockholm #vscocam #tumblr #blog #smoothie #milkshake,summee inspo blog fashion vscocam smoothie lifestyleworld tumblr sweden milkshake stockholm finestse sun
https://scontent-arn2-1.cdninstagram.com/t51.2885-15/sh0.08/e35/19227590_275830172885989_4975613200306274304_n.jpg,,@miichellesvendsen har precis kommit igÃ¥ng med sin blogg! ğŸ˜Š DÃ¤r hittar ni hÃ¤rliga semesterbilder â˜€ï¸ #finestse #lifestyleworld #inspo #tattoos #fashion #summer #sun,tattoos inspo fashion lifestyleworld summer finestse sun
https://scontent-arn2-1.cdninstagram.com/t51.2885-15/sh0.08/e35/19121148_1857291851202677_6612165889506672640_n.jpg,@katrineleelarsen Tack alla som kom â¤ SuperkvÃ¤ll!! ğŸ’¥ğŸ¶ğŸ¶ğŸ¶tackğŸ˜˜ğŸ’“ğŸ’“ @johanandreaslarsson kan ikke du tagge mig og @girlabouttowncph ğŸ‘ğŸ½ğŸ‘ğŸ½ğŸ‘ğŸ½ @katrineleelarsen @johnvalencia kan du tagga tjejerna i bilden ğŸ˜Š Sweet!,IgÃ¥r bjÃ¶d vi in till event med @johanandreaslarsson och @cityoptik ! Tack till alla er som kom och till @armanddommer fÃ¶r fina bilder. Ni ser alla bilder i vÃ¥rt galleri pÃ¥ Finest.se â­ï¸ğŸ€ . #glasÃ¶gon #linser #aoc17se #lifestyle #lifestylestore #finest #jagÃ¤rfinest,lifestyle jagÃ¤rfinest aoc17se finest lifestylestore linser glasÃ¶gon
https://scontent-arn2-1.cdninstagram.com/t51.2885-15/sh0.08/e35/18888768_1794615460850425_7441475631428141056_n.jpg,ğŸ˜˜ğŸ˜˜ @emmabuggo â¤â¤ Tudo bem? trabalho com divulgaÃ§Ãµes consigo subir ate 50 mil seguidores no seu instagram me mande um direct para mais informaÃ§Ãµes,@emmabuggo Ã¤r sommarfin och redo fÃ¶r helg! ğŸ˜ƒ NÃ¥gon som ska till Summerburst? ğŸ‰ Hoppas ni alla fÃ¥r en fantastisk helg. ğŸ˜ŠğŸˆ #finestse #lifestyle #lifestyleworld #inspo #summerburst #happy #summer #vscocam #tumblr #weekend #friday,lifestyle inspo friday weekend vscocam lifestyleworld summerburst tumblr summer finestse happy
https://scontent-arn2-1.cdninstagram.com/t51.2885-15/sh0.08/e35/18889191_1961496750803758_1932827822565359616_n.jpg,Tack bÃ¤sta ni ğŸŒ¹â¤ï¸,Stort GRATTIS till @sindyniklasson med familj som fick sonen Luna i natt! ğŸ˜â¤ğŸ˜˜ . #finestse #lifestyle #lifestyleworld #blog #fashion #pregnant #photography #inspo #stockholm #vscocam #tumblr #leopard,photography lifestyle inspo blog fashion pregnant vscocam leopard lifestyleworld tumblr stockholm finestse
https://scontent-arn2-1.cdninstagram.com/t51.2885-15/sh0.08/e35/18947442_232896517226999_3629433062326009856_n.jpg,ğŸ’›ğŸ‹ğŸŒ¼âœ¨ @themalinronnquist ğŸ˜ğŸ˜ğŸ˜,@themalinronnquist och dottern Novah matchar i somriga klÃ¤nningar  sÃ¥ himla fina! ğŸ˜â˜€ï¸ğŸŒ»ğŸ‹ . . #finestse #lifestyle #lifestyleworld #inspo #summer #flowers #blog #happy #vscocam #tumblr #sweden #sverige,lifestyle inspo blog vscocam finestse flowers lifestyleworld tumblr sweden sverige summer happy
https://scontent-arn2-1.cdninstagram.com/t51.2885-15/sh0.08/e35/18812346_1206074269519123_5528543497537191936_n.jpg,,Hoppas ni har haft en fin helg! MÃ¥ndagen bÃ¶rjar med regn i Stockholm vilket Ã¤r perfekt vÃ¤der att gÃ¥ till gymmet ğŸ˜‹ @deniceemoberg har svarat pÃ¥ lÃ¤sarfrÃ¥gor pÃ¥ bloggen som handlar om kost  trÃ¤ning och mycket annat! In och lÃ¤s ğŸ˜Šâ˜”â¤ #finestse #lifestyle #lifestyleworld #inspo #gym #monday #training #sport #muscles #inspiration #stockholm #sweden #vscocam #tumblr,lifestyle training inspo inspiration vscocam gym muscles lifestyleworld tumblr sweden sport stockholm finestse monday
https://scontent-arn2-1.cdninstagram.com/t51.2885-15/sh0.08/e35/18809252_1902896979990798_900630190722383872_n.jpg,ğŸ‘Œ,Den perfekta lÃ¶rdagsfrukosten ğŸ˜ğŸ‘Œ @johannasjoo . . .  #finestse #lifestyle #breakfast #inspo #sweden #stockholm #vsco #vscocam #tumblr #coffee #weekend,lifestyle inspo vscocam breakfast tumblr sweden vsco coffee stockholm weekend finestse
https://scontent-arn2-1.cdninstagram.com/t51.2885-15/sh0.08/e35/18879139_311967925902322_1374859601710678016_n.jpg,,@amarelloo har varit pÃ¥ hundutstÃ¤llning och vunnit priser!ğŸ†ğŸŒŸ In och lÃ¤s mer pÃ¥ hans blogg â€¢ â€¢ #dog #hund #priser #dogwalk #medals #happy #finestse #lifestyle #blog,lifestyle dog priser medals blog hund happy finestse dogwalk
https://scontent-arn2-1.cdninstagram.com/t51.2885-15/sh0.08/e35/18812385_1900388343564703_518438029057064960_n.jpg,,HÃ¤rlig sommarfeeling hos @fiaanderbergâ˜€ï¸â˜€ï¸ Ha en underbar dag! â€¢ â€¢ #sun #summer #morning #surfing #happy #glad #sweden #sol #lifestyle #finestse,sol morning lifestyle glad finestse sweden surfing summer sun happy
https://scontent-arn2-1.cdninstagram.com/t51.2885-15/sh0.08/e35/18723404_1778143879162517_7726784059724005376_n.jpg,@robertsvensson_,Tagga nÃ¥gon du vill Ã¤ta hamburgare med ikvÃ¤ll!ğŸ˜‹ğŸŒŸ @sannaansaldo â€¢ â€¢  #burgers #foodcoma #finestse #lunch #inspo #blogg #stockholm #sweden #hamburgareÃ¤rgott,inspo lunch burgers foodcoma blogg sweden stockholm hamburgareÃ¤rgott finestse
https://scontent-arn2-1.cdninstagram.com/t51.2885-15/sh0.08/e35/18513892_1791547324493454_7078357221955862528_n.jpg,,Sommaren Ã¤r hÃ¤r! Hoppas ni fÃ¥r en bra bÃ¶rjan pÃ¥ veckan ğŸ˜Š Fina bilder och skÃ¶nhetstips hittar ni pÃ¥ @johannaherrstedt s blogg! ğŸ™ŒğŸ˜ğŸ‘Œ . . #finestse #lifestyleworld #makeup #fashion #summer #inspo #vscocam #tumblr #stockholm #sweden #blogg #skÃ¶nhet #sommar #tips #photo,skÃ¶nhet inspo fashion vscocam finestse sommar photo lifestyleworld tumblr sweden blogg tips stockholm makeup summer
https://scontent-arn2-1.cdninstagram.com/t51.2885-15/sh0.08/e35/18444506_1339760192808846_202965517160415232_n.jpg,â¤ï¸â¤ï¸ â¤ğŸ˜˜ğŸ˜,FrÃ¥n gÃ¥rdagens event hos @winksturegallerian i Sturegallerian! ğŸ˜ Bild pÃ¥ fina @isabellajedler som hittade rÃ¤tt lÃ¤ppfÃ¤rg till alla frÃ¥n @octoberstockholm och @fokisoirak som Ã¤r ambassadÃ¶r fÃ¶r @rokastonewearğŸ‘ŒNi hittar alla bilder frÃ¥n eventet pÃ¥ Finest.se ğŸ˜ . . #finestse #inspo #stockholm #sweden #swe #sthlm #event #models #octoberstockholm #wink #sturegallerian #Ã¶stermalm #stureplan #vscocam #vsco #tumblr #photo #ibstagood #weekend #friday,ibstagood stureplan inspo models friday swe vscocam photo Ã¶stermalm octoberstockholm sturegallerian tumblr sweden vsco wink event stockholm weekend sthlm finestse
https://scontent-arn2-1.cdninstagram.com/t51.2885-15/sh0.08/e35/18443612_1358069164281831_5768774294146383872_n.jpg,,Coola smÃ¥barnsmamman @fridaasp ğŸ˜ LÃ¤s hennes blogg fÃ¶r mode och Ã¤rliga mamma ord. ğŸ˜ŠğŸ‘Œ . . . #finestse #inspo #lifestyle #lifestyleworld #sthlm #fashion #stockholm #photo #sweden #blogg #mamma #inlÃ¤gg #motivation #vscocam #vsco #tumblr,lifestyle inlÃ¤gg motivation inspo fashion photo vscocam lifestyleworld blogg sweden vsco tumblr stockholm sthlm finestse mamma
https://scontent-arn2-1.cdninstagram.com/t51.2885-15/sh0.08/e35/18513889_909540732521398_4867996579887316992_n.jpg,,Lunchdags! ğŸ˜ğŸ‘Œ . . . #inspo #food #lunch #instafood #love #sthlm #sweden #sverige #blogg #stureplan #stockholm #healthy #vscocam,stureplan love inspo healthy instafood lunch food vscocam blogg sverige sweden stockholm sthlm
https://scontent-arn2-1.cdninstagram.com/t51.2885-15/sh0.08/e35/18444503_129638314252668_8865317329399971840_n.jpg,If you like the wines follow me! I'm a young sommelier from Italy  Rome ğŸ‡®ğŸ‡¹ğŸ‡ğŸ·,Trevlig helg pÃ¥ er allihopa! ğŸ˜ Solen Ã¤r framme och varmare grader vÃ¤ntar i helgen! ğŸ™ŒHoppas ni fÃ¥r en fantastisk helg ğŸ’• . . . #finestse #lifestyle #lifestyleworld #inspo #wine #weekend #friday #friyay #waves #stockholm #sweden #sthlm #vsco #vscocam #tumblr #makeup #fashion #instagram #ig #sun #summer,friyay inspo fashion lifestyleworld stockholm weekend lifestyle waves ig tumblr sweden summer finestse instagram friday wine vsco sthlm vscocam makeup sun
https://scontent-arn2-1.cdninstagram.com/t51.2885-15/sh0.08/e35/18300046_176712156187745_1942362740156792832_n.jpg,,@johannasjoo Ã¤r pÃ¥ semester i Marbella och njuter av sitt morgonkaffe ğŸ˜ Se mer bilder pÃ¥ hennes blogg â˜‰ğŸ” . . . #finestse #lifestyle #lifestyleworld #inspo #marbella #happy #summer #sun #travel #spain #coffee #fashion #gucci #cafe #sthlm #sweden #stockholm #vscocam #vsco #tumblr,lifestyle inspo fashion travel spain sthlm vscocam lifestyleworld coffee gucci cafe sweden vsco tumblr stockholm summer marbella finestse sun happy
https://scontent-arn2-1.cdninstagram.com/t51.2885-15/sh0.08/e35/18300093_799021480265933_2318690600720793600_n.jpg,,SÃ¥ hÃ¤rlig bild pÃ¥ Finest stÃ¶rsta bloggare @liinadolk ğŸ™Œ Snart kommer det ske en hel del fÃ¶rÃ¤ndringar och Lina hÃ¤nger med pÃ¥ den stora resan med oss! Vi kommer hÃ¥lla er uppdaterade pÃ¥ vÃ¤gen ğŸ˜Š . . . #finestse #jagÃ¤rfinest #lifestyle #lifestyleworld #horse #love #summer #toppbloggare #blogg #inlÃ¤gg #inspo #vscocam #vsco #tumblr #animal #sun #spring #country #sweden #swe #sthlm #stockholm #instadaily #instagood,love inspo horse lifestyleworld stockholm jagÃ¤rfinest lifestyle inlÃ¤gg swe tumblr sweden toppbloggare summer finestse spring animal blogg vsco instagood sthlm vscocam instadaily country sun
https://scontent-arn2-1.cdninstagram.com/t51.2885-15/sh0.08/e35/18443958_297584994025826_2647438186514481152_n.jpg,SÃ¥ fin ğŸ˜ ğŸ˜,PÃ¥ cover till nya numret av Lifestyle Wedding hittar ni vÃ¥r fantastiska influencer @ellinorbjurstrom ğŸ˜ Visst Ã¤r hon fin som nybliven brud? ğŸ˜‰ I magasinet hittar ni fler fina bilder frÃ¥n den stora plÃ¥tningen med Ellinor! ğŸ™Œ . . . #finestse #lifestyleworld #lifestyle #inspo #wedding #magasin #love #pink #brÃ¶llop #vsco #vscocam #tumblr #happy #omslag #cover #blogg #influencer #bilder #modeplÃ¥tning #foto #fotograf #photo #photography #flowers #blommor,love inspo blommor modeplÃ¥tning lifestyleworld happy lifestyle influencer magasin wedding bilder tumblr omslag finestse photography pink cover blogg vsco fotograf foto brÃ¶llop vscocam photo flowers
https://scontent-arn2-1.cdninstagram.com/t51.2885-15/sh0.08/e35/18298561_727420240764158_5517915588078338048_n.jpg,,Hoppas alla har haft en fin helg! ğŸ™Œ @fiaanderberg verkar ha haft en megabra helg och ni hittar peppande inspiration pÃ¥ hennes blogg. ğŸ˜ƒ Nu kÃ¶r vi igÃ¥ng nya veckan pÃ¥ topp! . . . #finestse #jagÃ¤rfinest #lifestyle #lifestyleworld #inspo #happy #summer #sweden #swe #stockholm #motivation #blogg #inlÃ¤gg #travel #weekend #instadaily #instagood #vscocam #tumblr,jagÃ¤rfinest lifestyle motivation inlÃ¤gg inspo weekend swe travel instadaily vscocam lifestyleworld blogg sweden tumblr instagood stockholm summer finestse happy
https://scontent-arn2-1.cdninstagram.com/t51.2885-15/sh0.08/e35/18252482_1840278306298445_3971090525242523648_n.jpg,ğŸ˜,@amandafranzeen Ã¤r redo fÃ¶r helg i sina coola glajjor. ğŸ•¶ Finest Ã¶nskar ocksÃ¥ en trevlig helg!ğŸ™ŒğŸ˜˜ğŸ’• . . . #finestse #jagÃ¤rfinest #lifestyle #lifestyleworld #inspo #sunglasses #motivation #blonde #girl #sthlm #sweden #swe #vsco #vscocam #tumblr #sun #blogg #sommar #helg #weekend #instadaily #instagood #selfie #photo,selfie inspo lifestyleworld motivation weekend jagÃ¤rfinest lifestyle girl sunglasses swe tumblr sweden finestse blonde sommar blogg vsco instagood sthlm vscocam instadaily photo helg sun
https://scontent-arn2-1.cdninstagram.com/t51.2885-15/sh0.08/e35/18162090_1892302971010579_5814279438287765504_n.jpg,,Du hittar Stockholms bÃ¤sta uteserveringar och takterrasser pÃ¥ Finest.se ğŸ˜ƒ VÃ¤rt att spana in (LÃ¤nk i bio) âœŒğŸ‘Œ Vilket Ã¤r ditt favoritstÃ¤lle? ğŸ˜ƒ . . . #finestse #jagÃ¤rfinest #lifestyle #lifestyleworld #inspo #view #uteservering #takterrass #terrass #Ã¶l #sommar #stockholm #sweden #swe #sthlm #vscocam #tumblr #happy #bÃ¤sta #love #beautiful #blogg #tips #artikel,love inspo bÃ¤sta uteservering lifestyleworld stockholm happy jagÃ¤rfinest lifestyle terrass swe tumblr sweden finestse sommar blogg Ã¶l view tips beautiful sthlm artikel takterrass vscocam
https://scontent-arn2-1.cdninstagram.com/t51.2885-15/sh0.08/e35/18162028_454119864934555_2075280299951915008_n.jpg,ğŸ˜â¤ï¸,@isabellajedler Ã¤r pÃ¥ lÃ¥ngsemester och leker just nu med APOR! ğŸ’ Hur hamnade hon dÃ¤r? Se mer pÃ¥ hennes blogg! ğŸ™Œ . . . #finestse #jagÃ¤rfinest #lifestyle #lifestyleworld #inspo #monkey #fashion #makeup #travel #asia #world #sthlm #sweden #swe #happy #blogg #vscocam #tumblr #motivation #instadaily,jagÃ¤rfinest lifestyle motivation world inspo swe asia fashion travel vscocam instadaily monkey lifestyleworld blogg sweden tumblr happy makeup finestse sthlm
https://scontent-arn2-1.cdninstagram.com/t51.2885-15/sh0.08/e35/18252338_257562008049127_9221545550472544256_n.jpg,ğŸ’¯,Hur fint sminkar sig @johannaherrstedt? ğŸ˜ğŸ‘ŒğŸ”Ni hittar mer pÃ¥ hennes blogg âœŒ . . . #finestse #jagÃ¤rfinest #lifestyle #lifestyleworld #happy #makeup #smink #johannaherrstedt #vscocam #tumblr #vsco #love #sthlm #sweden #swe #sverige #makeupartist #inspiration #fashion #photo #blogg #lipstick #eyeshadow #hair,love lipstick fashion lifestyleworld sverige happy jagÃ¤rfinest lifestyle makeupartist inspiration swe tumblr hair sweden finestse johannaherrstedt eyeshadow blogg vsco sthlm smink vscocam photo makeup
https://scontent-arn2-1.cdninstagram.com/t51.2885-15/sh0.08/e35/18161464_1877305065851447_2595554118290374656_n.jpg,Have an amazing week !,Ã„ntligen Ã¤r vÃ¤rmen hÃ¤r ğŸ˜ Vi passar pÃ¥ att njuta av Ã¥rets fÃ¶rsta glass i solen ğŸ˜‹ . . . #finestse #jagÃ¤rfinest #lifestyle #lifestyleworld,jagÃ¤rfinest lifestyleworld finestse lifestyle
https://scontent-arn2-1.cdninstagram.com/t51.2885-15/sh0.08/e35/18162197_196370954213768_8410517847947608064_n.jpg,ğŸ” ğŸ” â¬† â¬† ğŸ”¥ ğŸ”¥,@sannaansaldo spenderar sin lÃ¶rdag pÃ¥ en uteservering med vÃ¤nner! Det kallar vi bra lÃ¶rdagssyssla ğŸ˜‰ğŸ˜ŒğŸ‘Œ . . . #finestse #jagÃ¤rfinest #lifestyleworld #lifestyle #saturday #inspo #motivation #vscocam #vscocam #tumblr #love #drink #weekend #sthlm #sweden #swe,jagÃ¤rfinest lifestyle love inspo saturday swe vscocam lifestyleworld tumblr sweden motivation weekend drink finestse sthlm
https://scontent-arn2-1.cdninstagram.com/t51.2885-15/e35/18094625_1258147614254089_8357695312189456384_n.jpg,â¤ï¸â¤ï¸ ğŸ˜â¤,Trevlig fredag kÃ¤ra ni! ğŸ˜ PÃ¥ @nicolinehedlund s blogg hittar ni en massa inspiration och skÃ¶nhetstips ğŸ™Œ jag rekommenderar varmt ett besÃ¶k ğŸ‘ŒğŸ˜˜ . . . #finestse #jagÃ¤rfinest #lifestyle #lifestyleworld #inspo #happy #leopard #girl #sweden #swe #motivation #love #blog #fashion #makeup #friday #weekend,jagÃ¤rfinest lifestyle love inspo girl friday swe blog fashion leopard lifestyleworld sweden motivation weekend makeup finestse happy
https://scontent-arn2-1.cdninstagram.com/t51.2885-15/sh0.08/e35/18096079_1958038347761542_9190485493744140288_n.jpg,Awesome!,@fridaasp Ã¤r i Spanien  hÃ¤ng med pÃ¥ hennes resa pÃ¥ bloggen. ğŸ˜ (Fridas min till det dÃ¥liga vÃ¤dret ğŸ˜‚ Haha) . . . #finestse #jagÃ¤rfinest #lifestyle #lifestyleworld #happy #travel #mallorca #spain #outfit #fashion #style #inspo #vacation #blog #shopping #love,jagÃ¤rfinest lifestyle love inspo vacation shopping blog style fashion travel spain lifestyleworld mallorca outfit finestse happy
https://scontent-arn2-1.cdninstagram.com/t51.2885-15/sh0.08/e35/18014060_1281321385320262_8831022161570299904_n.jpg,â˜ºï¸â˜ºï¸ğŸ˜˜,@camillafogestedt lever verkligen ett hÃ¤ndelserikt liv och pÃ¥ bloggen fÃ¥r ni sÃ¥ klart hÃ¤nga med pÃ¥ hennes roliga Ã¤ventyr! ğŸ˜ğŸ˜ğŸª . . . #finestse #jagÃ¤rfinest #travel #europe #life #palms #inspo #vscocam #tumblr #marocco #happy #swe #sweden #sthlm #girl #motivation,jagÃ¤rfinest inspo life palms marocco girl swe travel vscocam tumblr sweden europe motivation sthlm finestse happy
https://scontent-arn2-1.cdninstagram.com/t51.2885-15/sh0.08/e35/18094954_606823552858638_3251830176295682048_n.jpg,Den hÃ¤r bilden kÃ¤nner jag igen @frankochjag.se Vi taggade dig i bilden men missade att spara ğŸ˜€ sÃ¥ fin bild ğŸ’•,Trevlig helg! Hoppas ni fÃ¥r en fin kvÃ¤ll och fortsatt bra helg i detta hÃ¤rliga AprilvÃ¤der! ğŸ˜‰ğŸ’• . . . #finestse #jagÃ¤rfinest #lifestyle #lifestyleworld #love #inspo #sthlm #sweden #weekend #flowers #stockholm #blommor #vscocam #tumblr,jagÃ¤rfinest lifestyle love inspo blommor vscocam flowers lifestyleworld tumblr sweden stockholm weekend sthlm finestse
https://scontent-arn2-1.cdninstagram.com/t51.2885-15/sh0.08/e35/18011669_308555692909841_3852860632613257216_n.jpg,ğŸ˜±,@amandafranzeen har verkligen en grym stil  en riktig fashionista ğŸ˜ğŸ‘Œ Mer hittar ni pÃ¥ hennes blogg ğŸ™Œ #finestse #jagÃ¤rfinest #lifestyleworld #lifestyle #fashion #fashionista #happy #sthlm #sweden #inspo #vscocam #tumblr #vsco #love #photo,jagÃ¤rfinest lifestyle love inspo fashionista fashion vscocam photo lifestyleworld tumblr sweden vsco sthlm finestse happy
https://scontent-arn2-1.cdninstagram.com/t51.2885-15/sh0.08/e35/17495269_227458274399604_18539252102987776_n.jpg,@aftma @johnvalencia oh â¤ğŸ˜ ğŸ˜˜ ğŸ˜˜Naaw ğŸ’œSÃ¶Ã¶Ã¶tiz ğŸ’œ,Glad PÃ¥sk!!! ğŸ˜„ğŸ£ğŸ¥ğŸ’• ğŸ“· @trollmorinka  #finestse #lifestyleworld #lifestyle #easter #sthlm #sweden #dog #love #vscocam #tumblr #happyeaster #weekend,lifestyle dog love vscocam lifestyleworld tumblr sweden easter weekend sthlm finestse happyeaster
https://scontent-arn2-1.cdninstagram.com/t51.2885-15/sh0.08/e35/17819100_527269437660619_203389095425081344_n.jpg,Awesome! ğŸ˜„ Check it out @adplugg,"Psykisk ohÃ¤lsa hos killar Ã¤r nÃ¥got vi mÃ¥ste prata mer om" ğŸ’• LÃ¤s Joakim Mattsons fantastiska inlÃ¤gg pÃ¥ bloggen @diabetesmannens ğŸ‘Œ #finestse #lifestyleworld #lifestyle #blogg #inspo #motivation #boy #healthy #sthlm #sweden #uppsala #inlÃ¤gg #psykiskohÃ¤lsa #ohÃ¤lsa,lifestyle inlÃ¤gg psykiskohÃ¤lsa boy inspo healthy ohÃ¤lsa lifestyleworld blogg sweden motivation uppsala sthlm finestse
https://scontent-arn2-1.cdninstagram.com/t51.2885-15/sh0.08/e35/17818571_1447791671931911_7191582842030129152_n.jpg,Wow ğŸ˜,Denice Moberg ger bra tips till dig som vill bygga muskler -> @deniceemoberg ğŸ’ªğŸ’ªNu blir vi starka tillsammans! ğŸ™Œ #finestse #lifestyle #lifestyleworld #fitness #fit #gym #muscles #training #love #sthlm #inspo #motivation #inspiration #sweden,lifestyle training love inspo inspiration fit gym muscles lifestyleworld fitness sweden motivation sthlm finestse
https://scontent-arn2-1.cdninstagram.com/t51.2885-15/sh0.08/e35/17662977_1883843898500616_2208407205042978816_n.jpg,If u can't watch skam on NRK  I have a link to where u can see season 4 of skam in my bio! ğŸŒ¸,MÃ¥ndag igen! Efter en sorglig och vÃ¤ldigt lÃ¤skig fredag sÃ¥ mÃ¤rker man att Stockholm bÃ¶rjar vakna till liv igen och vÃ¥ra tankar gÃ¥r till de drabbade och deras anhÃ¶riga. ğŸ’• Vi har nog alla suttit i helgen och pratat om hÃ¤ndelsen pÃ¥ Drottninggatan och hur det kunde hÃ¤nda. Just nu Ã¤r det viktigt att vi tar hand om varandra lite extra  det Ã¤r exakt vad vi gÃ¶r pÃ¥ kontoret idag och alla andra dagar och vi hoppas att ni ocksÃ¥ gÃ¶r det. â¤ Kram pÃ¥ er! ğŸ“· @jennygunnarson #finestse #lifestyleworld #lifestyle #sthlm #sweden #love #prayforstockholm #sun #vscocam #tumblr #blog,lifestyle prayforstockholm love blog vscocam lifestyleworld tumblr sweden sthlm finestse sun
https://scontent-arn2-1.cdninstagram.com/t51.2885-15/sh0.08/e35/17818068_1378313202257809_415287577625493504_n.jpg,â¤ ğŸ’”â¤ @fiaanderberg â¤â¤â¤ @steff_stefani â¤â¤â¤ â¤ï¸â¤ï¸â¤ï¸ @inwhite4you â¤â¤â¤ â¤ @fotohella â¤â¤â¤ ğŸ’œğŸ’œğŸ’œ @wwwminikegirlmusiccom â¤â¤â¤ ğŸ’™ğŸ’™ ğŸ˜¥â¤ TÃ¤nkte pÃ¥ er nÃ¤r det hÃ¤nde  Ã¤ven om det inte var pÃ¥ samma stÃ¤lle som kontoret... tur ni Ã¤r oskaddaâ¤ @nellielindgren â¤â¤â¤,En sorglig lÃ¶rdag idag nÃ¤r fyra oskyldiga mÃ¤nniskor miste livet igÃ¥r pÃ¥ Drottninggatan och flera skadade ligger pÃ¥ sjukhus. VÃ¥ra tankar gÃ¥r till alla drabbade och deras anhÃ¶riga. Ta hand om varandra â¤â¤â¤ #prayforstockholm,prayforstockholm
https://scontent-arn2-1.cdninstagram.com/t51.2885-15/sh0.08/e35/17818617_1516149485084517_5699054820174856192_n.jpg,,StrÃ¥lande sol och Ã¤ntligen fredag! ğŸ™Œ Get ready for the weekend ğŸ‰ğŸ¾ #finestse #inspo #lifestyle #lifestyleworld #happy #blogger #blogg #swe #sthlm #fashion #motivation #friday #friyay #weekend,lifestyle friyay inspo friday swe sthlm fashion lifestyleworld blogg motivation weekend blogger finestse happy
https://scontent-arn2-1.cdninstagram.com/t51.2885-15/e35/17495245_222079254941038_4856008557365035008_n.jpg,,@johannaherrstedt Ã¤r just nu i Istanbul tillsammans med nÃ¥gra fler utav Lifestyle Publishings influencers. FÃ¶lj resan pÃ¥ Johannas blogg âœŒğŸ˜ #finestse #inspo #travel #istanbul #turkiet #fashion #makeup #photo #vscocam #tumblr #inspiration #blogg #resa,istanbul inspo resa inspiration fashion travel turkiet photo vscocam tumblr blogg makeup finestse
https://scontent-arn2-1.cdninstagram.com/t51.2885-15/sh0.08/e35/17596238_265853053875722_2585265292204572672_n.jpg,ğŸ™Œ Nice tan and great looking body ğŸ‘Œ,Lunch dags ğŸ˜ƒğŸ˜âœŒ . . . #finestse #inspo #happy #lunch #food #sthlm #sweden #sverige #fashion #vscocam #tumblr #bloggare #toppbloggare #inspiration #motivation #love #lifestyle #lifestyleworld,lifestyle motivation love inspo inspiration lunch fashion food vscocam tumblr sverige sweden bloggare lifestyleworld toppbloggare sthlm finestse happy
https://scontent-arn2-1.cdninstagram.com/t51.2885-15/sh0.08/e35/17494714_1675630646064196_8221496070962675712_n.jpg,@elinwahlsten ğŸ˜ƒğŸ˜ğŸ˜šğŸ’ªğŸ’ƒ going to be us with the booty gainsğŸ˜,MÃ¥ndagar ğŸ’ª Tagga en vÃ¤n som du vill trÃ¤na med i veckan ğŸ˜ƒ . . . #finestse #lifestyleworld #inspo #gym #training #muscles #fitness #fitnessmotivation #sthlm #sweden #fit #fashion #motivation #happy #instadaily #instagram #blogg #sverige,instagram training inspo fit fashion instadaily gym muscles lifestyleworld fitness sweden blogg fitnessmotivation sverige motivation sthlm finestse happy
https://scontent-arn2-1.cdninstagram.com/t51.2885-15/sh0.08/e35/17596006_1016696358431103_497256981225013248_n.jpg,ğŸ‘‹ğŸ½ğŸ˜˜ VÃ¤lkommen till finest @andreanorrman :) Gotta say I love your Instagram ğŸ‘ check my page you might like my stuff. Great stuff!ğŸ‘ŠğŸ»,SÃ¤g Hej till @andreanorrman som nu Ã¤r en del av vÃ¥rat hÃ¤rliga bloggteam! ğŸ™ŒğŸ’•ğŸ˜ . . #finestse #jagÃ¤rfinest #sthlm #inspo #blog #vscocam #tumblr #sverige #blogg #bloggare #inspiration #motivation #weekend #helg,jagÃ¤rfinest inspo inspiration blog vscocam tumblr sverige blogg bloggare helg motivation weekend sthlm finestse
https://scontent-arn2-1.cdninstagram.com/t51.2885-15/sh0.08/e35/17494320_231091970698233_4315125815198089216_n.jpg,,HÃ¤rlig inspiration ğŸ˜ğŸ‘ŒğŸ . . . #inspo #lifestyle #magazine #motivation #pineapple #woman #summer #vscocam #vsco #tumblr #inspiration #happy #sthlm #sweden #swe,lifestyle pineapple inspo inspiration swe woman vscocam magazine tumblr vsco sweden motivation sthlm summer happy
https://scontent-arn2-1.cdninstagram.com/t51.2885-15/sh0.08/e35/17439204_303034316783728_6159643951901966336_n.jpg,Great! INCREDIBLE @arnoldbodybuilding,Fredagar ğŸ˜ğŸ‘Œ Ha en fin helg i solen allihopa! ğŸ™Œâ˜‰ . . #finestse #lifestyle #weekend #inspo #sol #stureplan #sthlm #sweden #happy #vscocam #tumblr #love,sol lifestyle stureplan love inspo vscocam tumblr sweden weekend sthlm finestse happy
https://scontent-arn2-1.cdninstagram.com/t51.2885-15/sh0.08/e35/17438654_219221235221336_4381031925146451968_n.jpg,,@sofiaobergs Ã¤r i New york! ğŸ˜ PÃ¥ hennes blogg hittar ni massa fina bilder och inspiration som Ã¤r vÃ¤rd att spana in ğŸ‘Œ . . . #finestse #lifestyle #Ny #newyork #usa #travel #vscocam #tumblr #brooklynbridge #inspo #inspiration #fashion #blogger #topblog #style,lifestyle blogger inspo usa topblog inspiration newyork style fashion travel vscocam tumblr brooklynbridge finestse Ny
https://scontent-arn2-1.cdninstagram.com/t51.2885-15/sh0.08/e35/17333510_688814907965405_9149073784148328448_n.jpg,Yes!!! Super sweet,Trevlig helg!!! ğŸ™ŒğŸ˜â˜‰ . . . #finestse #weekend #friday #friyay #champagne #happy #vscocam #tumblr #inspo #sthlm #sweden #sturegallerian,friyay inspo friday vscocam champagne sturegallerian tumblr sweden weekend sthlm finestse happy
https://scontent-arn2-1.cdninstagram.com/t51.2885-15/sh0.08/e35/17125970_104143406774150_8397987469840089088_n.jpg,,Hur sÃ¶t Ã¤r inte den hÃ¤r lilla plutten? ğŸ˜ Ni hittar fler bilder pÃ¥ @amarelloo s blogg ğŸ™Œ . . . #finestse #lifestyle #dog #cute #sthlm #sweden #love #blog #vscocam #tumblr #inspo #fashion #outfit #happy,lifestyle dog love inspo blog fashion vscocam cute tumblr sweden outfit sthlm finestse happy
https://scontent-arn2-1.cdninstagram.com/t51.2885-15/sh0.08/e35/17127166_1044236135680856_1954967936594608128_n.jpg,@vonpeltzer Dope Do you have to blog with finest.se to get invited to the events ? ğŸ˜ŠğŸğŸŒ‘ ğŸ’“ Exakt pannkakor och nutella trÃ¶ck jag i mig idag ... sista Ã¤tardagen dÃ¥ğŸ˜‚ğŸ˜‚ğŸ˜‚ UrsÃ¤kta men Ã¤r inte varje dag din sista Ã¤tardag? ğŸ˜‚ğŸ˜‚ğŸ˜˜ @atousapink.se @frankochjag.se Hahahahaha exakt,Yummy ğŸ˜‹ Tagga nÃ¥gon du vill Ã¤ta pannkakor med ğŸ˜ . . . #finestse #inspo #jagÃ¤rfinest #pancakes #food #love #chocolate #sthlm #sweden #vscocam #tumblr #tagafriend #motivation #inspiration #blog #sweden,jagÃ¤rfinest motivation love inspo inspiration blog food vscocam tumblr sweden tagafriend pancakes chocolate sthlm finestse
https://scontent-arn2-1.cdninstagram.com/t51.2885-15/sh0.08/e35/17126435_1074823699289173_3647393662075142144_n.jpg,Brilliant! Like it! ğŸ˜ğŸ˜ğŸ˜ğŸ˜ Awesome post ğŸ‘,Nu hittar ni alla bilder frÃ¥n gÃ¥rdagens bloggevent i @lifestyleworld.store pÃ¥ Finest.se ğŸ™Œ Trevlig helg! ğŸ¾ğŸ“·: @jennysfotografi . . . #finestse #lifestyle #lifestylestore #happy #fashion #blogger #blogs #lv #louisvuitton #love #photo #vscocam #tumblr #sverige #sthlm,lifestyle louisvuitton blogs love fashion lifestylestore photo vscocam sthlm tumblr sverige lv blogger finestse happy
https://scontent-arn2-1.cdninstagram.com/t51.2885-15/sh0.08/e35/17077060_262665164173863_620660054588129280_n.jpg,Ã…h underbara Denice ğŸŒº Vilka fina tjejer ğŸ’• DeniceğŸ’– ğŸ‘ğŸ‘‹ ğŸ˜! ğŸ˜˜ğŸ˜˜ğŸ˜˜,Idag hade vi fina @deniceemoberg pÃ¥ kontoret fÃ¶r att planera 2017! ğŸ™Œ Vi Ã¤r sÃ¥Ã¥ taggade pÃ¥ allt roligt vi ska gÃ¶ra med Denice! Idag hade vi ocksÃ¥ bloggevent i @lifestyleworld.store - imorgon hittar ni bilderna pÃ¥ Finest ğŸ˜ #finestse #lifestyle #thinkbig #happy #training #gym #office #work #vscocam #tumblr #blogg #sthlm #sweden,lifestyle thinkbig training vscocam gym tumblr blogg work sweden office sthlm finestse happy
https://scontent-arn2-1.cdninstagram.com/t51.2885-15/sh0.08/e35/17076943_1785174311496349_6036936014700740608_n.jpg,nice,"Vi firar kvinnodagen fÃ¶r att den dag ska komma dÃ¥ vi inte behÃ¶ver fira nÃ¥gon kvinnodag" Bra citat av Jonas Gardell ğŸ‘Œ PÃ¥ @platins.se kan ni lÃ¤sa "13 anledningar till feminism" och det Ã¤r vÃ¤ldigt viktiga anledningar ğŸ’– Ha en fin kvÃ¤ll och ta hand om er ! #finestse #lifestyle #inspo #feminism #sthlm #stockholm #sweden #vscocam #tumblr #citat #blog #blogg #inlÃ¤gg #fashion #makeup,makeup lifestyle citat inlÃ¤gg inspo blog fashion vscocam feminism tumblr blogg sweden stockholm sthlm finestse
https://scontent-arn2-1.cdninstagram.com/t51.2885-15/sh0.08/e35/17126416_421505844866018_887649223300874240_n.jpg,Cool ğŸ‘,@johannasjoo har varit i romantiska Paris ğŸ—¼ Ni hittar massa fina bilder frÃ¥n resan pÃ¥ hennes blogg âš˜ . . . #finestse #lifestyle #france #paris #denim #jeans #fashion #fashionblogger #sthlm #sweden #swe #pose #vscocam #tumblr #blog #inspo,lifestyle pose inspo swe blog fashion vscocam tumblr jeans paris sweden france denim fashionblogger sthlm finestse
https://scontent-arn2-1.cdninstagram.com/t51.2885-15/sh0.08/e35/17077321_100570147141438_327629734655557632_n.jpg,â¤ï¸ğŸŒ´ This snapshot is really super!!,@emmabuggo Ã¤r pÃ¥ Bali och lever livet ğŸ˜â˜‰âš˜ğŸŒŠ . . . #finestse #lifestyle #bali #travel #sun #summer #nature #inspo #vscocam #tumblr #sunset #blogg #life #love #hair #style #waves #asia,lifestyle love inspo life waves nature bali style travel vscocam asia tumblr sunset blogg hair summer finestse sun
https://scontent-arn2-1.cdninstagram.com/t51.2885-15/sh0.08/e35/16908884_473832659673249_7710873314721267712_n.jpg,:)!,Idag har vi haft en plÃ¥tning med @isabellajedler tillsammans med lÃ¤ppstiftsmÃ¤rket @octoberstockholm ğŸ˜ğŸ‘Œ Hur resultatet blev kommer ni fÃ¥ se lÃ¤ngre fram pÃ¥ Isabellas blogg. ğŸ™Œ . . #finestse lifestyle #photo #photography #photoshoot #inspo #fashion #vscocam #tumblr #sweden #swe #sthlm #happy #makeup #lipstick #fashionista,photography makeup inspo swe photoshoot fashion photo vscocam lipstick fashionista tumblr sweden sthlm finestse happy
https://scontent-arn2-1.cdninstagram.com/t51.2885-15/sh0.08/e35/17077284_1251296554952996_7795455256732631040_n.jpg,ğŸ’•,Idag Ã¤r det semmeldagen! ğŸ™Œ Om du vill baka nÃ¥got till kvÃ¤llen kan jag rekommendera @tessanbakar s smarriga semmelkladdkaka  rÃ¤cker till flera och Ã¤r kladdig och god. ğŸ˜ğŸ˜‹ Receptet hittar ni pÃ¥ bloggen ğŸ‘‰ Tessanbakar.se ğŸ’ . . . #finestse #semmeldagen #semla #inspo #recipe #recept #vscocam #tumblr #blogg #bakverk #kladdkaka #lifestyle #yummy #sweden #sthlm #sverige,kladdkaka lifestyle yummy semmeldagen inspo semla recipe bakverk vscocam tumblr blogg sweden sverige sthlm finestse recept
https://scontent-arn2-1.cdninstagram.com/t51.2885-15/sh0.08/e35/16789995_1114046002056987_582293665783742464_n.jpg,,VÃ¥ran vackra bloggerska @johannaherrstedt ğŸ˜ğŸŒŠâ˜‰ . . . #inspo #finestse #beach #blogg #fashion #model #instagram #suntan #photo #vscocam #tumblr #sea #waves,suntan instagram inspo model waves fashion photo vscocam blogg tumblr beach sea finestse
https://scontent-arn2-1.cdninstagram.com/t51.2885-15/sh0.08/e35/16906870_1858928134323424_5784091397359403008_n.jpg,,Ni har vÃ¤l inte missat alla hÃ¤rliga semesterbilder pÃ¥ @oslofru ns blogg? Kanske fÃ¥r ni inspiration till kommande resmÃ¥l ğŸ˜ğŸ™ŒğŸ‘‰ Oslofru.com ğŸ’ . . . #finestse #inspo #lifestyle #inspiration #family #happy #oslo #travel #world #vscocam #tumblr #sthlm #instadaily #sun #summer #fashion #kids,kids lifestyle family world inspo inspiration fashion travel vscocam instadaily tumblr oslo summer sthlm finestse sun happy
https://scontent-arn2-1.cdninstagram.com/t51.2885-15/sh0.08/e35/16583764_1058541350958302_315355886354694144_n.jpg,Underbara mÃ¤nniska vacker rakt igenom â¤â¤â¤ @bimsan73 â¤â¤ Love it <3,@nellielindgren mÃ¥dde dÃ¥ligt och lÃ¤karen kunde inte sÃ¤ga vad det berodde pÃ¥. Tillslut fick hon diagnosen bipolÃ¤r. PÃ¥ bloggen skriver Nellie om psykisk ohÃ¤lsa fÃ¶r att andra som har liknande problem ska vÃ¥ga sÃ¶ka hjÃ¤lp. "Ã„ven om alla inte kan relatera till diagnosen sÃ¥ kan alla relatera till att man mÃ¥r dÃ¥ligt ibland." ğŸ‘‰ Nellielindgren.se ğŸ’ . . . #finestse #blogg #inspo #psykiskohÃ¤lsa #ohÃ¤lsa #bipolÃ¤r #sjukdom #inspiration #vscocam #tumblr #sthlm #sweden #sverige #maloueftertio #malmÃ¶,psykiskohÃ¤lsa bipolÃ¤r sjukdom inspo malmÃ¶ inspiration maloueftertio ohÃ¤lsa vscocam blogg tumblr sweden sverige sthlm finestse
https://scontent-arn2-1.cdninstagram.com/t51.2885-15/sh0.08/e35/16788795_747157998780007_3720671344652713984_n.jpg,,@emmy.winther valde att flytta frÃ¥n Sverige till England och har nu bosatt sig i London. "Det hÃ¤r Ã¤r det bÃ¤sta beslutet jag tagit i mitt liv" Skriver Emmy i ett inlÃ¤gg pÃ¥ bloggen ğŸ‘‰ Emmywin.se ğŸ’ . . #finestse #lifestyle #fashion #sweden #sthlm #england #london #inspo #vscocam #tumblr #blog #sverige #fashionista #happy,lifestyle inspo london blog fashionista fashion vscocam tumblr sverige sweden england sthlm finestse happy
https://scontent-arn2-1.cdninstagram.com/t51.2885-15/sh0.08/e35/16907061_178436599316675_1422634928125771776_n.jpg,@josefinfors ğŸ˜ (kÃ¤rlek pÃ¥ hÃ¶g nivÃ¥) @robertnehmecom ğŸğŸ @peternikos ğŸ¥ğŸ™ˆ @sofiesweden ğŸ¥‚ @johannaherrstedt ğŸ‘» @nilsson.desiree ğŸ’‹ğŸ¥‚ @aftma â¤ğŸ€ @johnvalencia â¤ @peterjanssonwikstrom = ğŸ˜ğŸ”¥ğŸ˜â¤ @majahenemo ğŸ” @annakarolinaolsson ğŸ‘ŠâœŒğŸ˜˜ ğŸ™ğŸ’™ @haangster @danielmgran ğŸ¥‚ @nellygunnarson ğŸ‘Œ @annabokon âœ¨ @jessicanystrom87 ğŸ‡ @hustlarprinsen ğŸ”« My partner in crime ğŸ˜ YAAAAAS ğŸ’ğŸ’ğŸ’ @frankochjag.se @aw1965 ğŸŒŸ @systerpersson ğŸŒ… @guitargustav ğŸ•¯ @lilfist ğŸ’ƒğŸ½ Great profile! @agnesnelje ğŸŒˆ Cheers! ğŸ˜š ğŸ‘­ @ezezvensson @rillaq ğŸ’ @sofiesweden ğŸ’ @asaroxburgh ğŸŒŸ Great @sirkka56â¤ @missmia72 ğŸ’–,TÃ„VLING! ğŸ‰ Vinn hÃ¤rliga doftljus till dig och en vÃ¤n ğŸ˜ SÃ¥ tÃ¤vlar du: ğŸ’Tagga en vÃ¤n tillsammans med en emoji som motivering fÃ¶r din chans att vinna. - Vinnarna meddelas den 24/2 och fÃ¥r ett ljus till sig och ett till sin vÃ¤n. Ljusen hÃ¤mtas i Lifestyle Store (Sturegallerian) Lycka till!! ğŸ¾ğŸ˜ƒ . . . . #finestse #lifestyle #competition #candles #woman #tÃ¤vling #sweden #sverige #swe #sthlm #magazine #magazines #cozy #like #stureplan #friends #blogg #toppbloggare #vscocam #tumblr #win,sverige candles like cozy competition lifestyle stureplan swe tumblr sweden toppbloggare finestse woman magazine blogg sthlm magazines friends vscocam win tÃ¤vling
https://scontent-arn2-1.cdninstagram.com/t51.2885-15/sh0.08/e35/16789823_216520878816071_8952719669060435968_n.jpg,â¤ï¸â¤ï¸â¤ï¸ Need #SoundCloud promotion?  Dm me for details,"Den perfekta kroppen Ã¤r inte goals lÃ¤ngre" skriver @deniceemoberg pÃ¥ sin blogg dÃ¤r du hittar motivation fÃ¶r hela veckan och lite till ğŸ‹ğŸ’ªğŸ’ƒ . . #finestse #lifestyle #happy #vscocam #tumblr #gym #training #monday #newweek #motivation #inspiration #sthlm #muscles #healthy #goals #inspo #sweden,lifestyle training healthy inspo inspiration vscocam gym muscles tumblr monday sweden newweek motivation sthlm finestse goals happy
https://scontent-arn2-1.cdninstagram.com/t51.2885-15/sh0.08/e35/16788512_1890359121200404_3356051676606758912_n.jpg,Jag Ã¤r sÃ¥ glad att jag valde er portal ğŸ˜ trivs sÃ¥ bra! Very cool ğŸ˜ƒ @louisemjonsson Vad kul att du trivs hos oss !! ğŸ’• Ha en bra helg ğŸ˜ƒğŸ˜ Wow Riktigt Snyggt ğŸ’œ ğŸŒ  ğŸ‘Š #doit ğŸ’ª ğŸ’ª ğŸ’ª NÃ¤r kommer fÃ¶rÃ¤ndringarna ske? ğŸ˜,Trevlig helg allihopa! ğŸ‰ Det Ã¤r extremt mÃ¥nga som hÃ¶r av sig till oss just nu fÃ¶r att bÃ¶rja blogga ğŸ˜ SÃ¥Ã¥ kul!! Vi fÃ¶rstÃ¥r att ni Ã¤r nyfikna pÃ¥ nya Finest (Lifestyle) och fÃ¶rÃ¤ndringarna vi hÃ¥ller pÃ¥ med - sjÃ¤lvklart kan du kontakta @jennygunnarson om du Ã¤r intresserad av att bÃ¶rja blogga hos oss (jenny.gunnarson@finest.se) ğŸ˜ƒğŸ˜ PÃ¥ bild ser ni @johannaherrstedt som Ã¤r en av vÃ¥ra nya familjemedlemmar ğŸ’• . . #finestse #lifestyle #happy #weekend #friday #news #makeup #fashion #inspo #swe #sweden #sthlm #selfie #work #blogg #friyay #motivation #vscocam #tumblr #instadaily #pose #influencers,friyay selfie inspo fashion motivation weekend happy lifestyle pose swe tumblr sweden work influencers finestse friday blogg sthlm news vscocam instadaily makeup
https://scontent-arn2-1.cdninstagram.com/t51.2885-15/sh0.08/e35/16583968_375407209507717_131991070924865536_n.jpg,Amazing! Nice content! Excellent! ğŸ‘ This is awesome,@fiashalsa.se ger svar pÃ¥ alla trÃ¤ningsfrÃ¥gor du har och hjÃ¤lper dig till ett mer vÃ¤lmÃ¥ende liv genom peppande och vÃ¤lskrivna trÃ¤ningstexter och bra recept ğŸ˜ Jag rekommenderar verkligen ett besÃ¶k pÃ¥ hennes otroligt proffsiga blogg ğŸ‹ğŸ‘Œ . . #finestse #lifestyle #training #healthy #health #ocean #sea #lake #sky #gym #motivation #inspo #inspiration #vscocam #tumblr #happy #instadaily #beautiful #blogg #run #sport,run training inspo sky gym ocean sport motivation happy lifestyle inspiration health tumblr sea finestse blogg beautiful lake healthy vscocam instadaily
https://scontent-arn2-1.cdninstagram.com/t51.2885-15/sh0.08/e35/16583848_163256247511082_2462095899422097408_n.jpg,1st â¤ğŸ™ŒğŸ» This is sweet :),Glad Alla â¤-dag! HÃ¤r Ã¤r Lifestyle Stores butikschef @johnvalencia ğŸ˜ Imorgon har vi ett shoppingevent tillsammans med @stellablakewear dÃ¤r vi bjuder pÃ¥ dryck  tilltugg och massa roliga tÃ¤vlingar! Det kommer att vara upp till 60% rabatt pÃ¥ produkter och ett riktigt skÃ¶nt mingel! Alla Ã¤r varmt vÃ¤lkomna frÃ¥n kl 16.30 - 18.30 - Grev turegatan 9 (OvanfÃ¶r Maruchka de margo) Sturegallerian ğŸ‘Œ . . #finestse #jagÃ¤rfinest #lifestyle #lifestylestore #valentine #valentinesday #heart #happy #swe #sweden #sturegallerian #sthlm #vscocam #tumblr #event #mingel #shopping #stellablake,jagÃ¤rfinest lifestyle valentinesday stellablake shopping swe lifestylestore sthlm vscocam heart sturegallerian tumblr mingel sweden event happy finestse valentine
https://scontent-arn2-1.cdninstagram.com/t51.2885-15/sh0.08/e35/16583856_1851543795057303_6492725383035617280_n.jpg,Awesome ğŸ‘ğŸ» Dope! Yes!,Nu hittar du alla bilder frÃ¥n fredagens event med @octoberstockholm och @isabellajedler pÃ¥ Finest.se âœŒğŸ˜ğŸ’‹ğŸ’„ . . #finestse #lifestyle #pictures #lifestylestore #fashion #lipstick #sweden #sthlm #swe #gold #makeup #instadaily #weekend #bilder #vscocam #tumblr,makeup lifestyle weekend lipstick swe lifestylestore fashion instadaily bilder vscocam tumblr sweden gold pictures sthlm finestse
https://scontent-arn2-1.cdninstagram.com/t51.2885-15/sh0.08/e35/16465015_380124155690190_6851208414693949440_n.jpg,Wohooo,Ny vecka och mÃ¥nga nya roliga idÃ©er att fÃ¶rverkliga ğŸ‘Œ FÃ¶lj @amandafranzeen fÃ¶r massa inspiration. ğŸ™Œ Nu hittar ni bilderna frÃ¥n eventet med @octoberstockholm och @isabellajedler pÃ¥ Finest.se ğŸ˜ŠğŸ˜ . . #finestse #newweek #monday #inspo #vscocam #tumblr #happy #jeans #denim #ootd #sthlm #swe #sweden #instadaily #blog #blogg #fashion,inspo swe blog sthlm vscocam denim ootd instadaily fashion tumblr blogg jeans sweden newweek happy finestse monday
https://scontent-arn2-1.cdninstagram.com/t51.2885-15/sh0.08/e35/16229517_1764931947158083_6365958358142287872_n.jpg,nice,Sundays be like ğŸ˜ğŸ˜ğŸ‘Œ @sannaansaldo . . #finestse #lifestyle #blog #brunch #travel #nature #vscocam #tumblr #happy #vacation #coffee #swe #sweden #sthlm #blogg #inspo,lifestyle inspo vacation blog nature swe travel vscocam tumblr coffee sweden blogg brunch sthlm finestse happy
https://scontent-arn2-1.cdninstagram.com/t51.2885-15/sh0.08/e35/16229150_1081362912010568_4040473698979807232_n.jpg,Coolt ğŸ˜ğŸ™Œ @fiaanderberg ğŸ˜ğŸ‘ŒğŸ‘Œ ğŸ™ŒğŸ» Kul ğŸ˜ğŸ‘ğŸ¼ Wow grymt jobbat. Heja dig Lina! ğŸ‘ğŸ‘ @louiseiturkiet.se ğŸ’ƒğŸ’ƒğŸ’ƒğŸ’ª @etthusistan ğŸ˜ƒğŸ˜ƒğŸ‘Œ Grattis ğŸ‘Œ Grymt @liinadolk ğŸ‘ğŸ»âœ¨âœ¨ This is awesome :),Idag hade vi toppbloggerskan och elitryttaren @liinadolk pÃ¥ besÃ¶k. Nu tar vi nÃ¤sta steg fÃ¶r hennes sociala medier och hon har fÃ¥tt en egen agent som styr upp stÃ¶rre kampanjer och ambassadÃ¶rskap. ğŸ‘ŒğŸ™Œ . . #finestse #jagÃ¤rfinest #lifestyle #world #elit #ryttare #ridsport #sport #inspo #vscocam #tumblr #happy #agent #blogg #horselove #horse #dressyr #socialmedia,jagÃ¤rfinest lifestyle horselove ryttare world inspo socialmedia horse vscocam ridsport dressyr agent tumblr elit blogg sport finestse happy
https://scontent-arn2-1.cdninstagram.com/t51.2885-15/sh0.08/e35/16583546_1845007662434688_8718445223291650048_n.jpg,Wohooo ğŸ™ŒğŸ™ŒğŸ™ŒğŸ’–ğŸ’–ğŸ’– ğŸ˜ğŸ˜ğŸ˜ ğŸ˜ğŸ‘ğŸ» @sindyniklasson ğŸ˜ğŸ˜ğŸ˜˜ @leneangelica ğŸ˜ğŸ˜ğŸ‘ŒğŸ‘Œ @amandafranzeen ğŸ˜ğŸ˜ƒâ¤ğŸ‘Œ grat pic!!,Nu kan vi presentera att @sindyniklasson har bÃ¶rjat blogga hos oss! ğŸ™Œ Varmt vÃ¤lkommen till familjen Sindy ğŸ’ ğŸ“· @jennysfotografi . . #finestse #lifestyle #inspo #vscocam #tumblr #happy #photo #leopard #pink #sun #fashion #tattoo #swe #sweden #sthlm #canon #world #ootd #blog,lifestyle world inspo tattoo swe blog pink vscocam photo fashion leopard ootd tumblr sweden canon sthlm finestse sun happy
https://scontent-arn2-1.cdninstagram.com/t51.2885-15/sh0.08/e35/16585133_1775590966101143_6132822924815499264_n.jpg,,Den hÃ¤r frÃ¤scha supersmoothien dricker @deniceemoberg varje morgon ğŸ‘Œ Receptet hittar ni pÃ¥ hennes blogg ğŸ˜ . . #finestse #lifestyle #smoothie #strawberryblonde #greensmoothie #greens #healthy #recipe #blog #gym #training #goodmorning,lifestyle recipe healthy training strawberryblonde blog greens gym smoothie goodmorning finestse greensmoothie
https://scontent-arn2-1.cdninstagram.com/t51.2885-15/sh0.08/e35/16583578_171750966648146_9013874591696683008_n.jpg,âœŒâœŒâœŒ ğŸ˜„ SÃ¥ kul ğŸ˜ƒ VÃ¤lkommen! ğŸ˜˜ğŸ˜ @johannaherrstedt @hannaohman84 Jaa ğŸ™ŒğŸ˜ @isabellajedler ğŸ˜˜ğŸ˜˜,En av Europas stÃ¶rsta skÃ¶nhetsprofiler med Ã¶ver 700 000 fÃ¶ljare pÃ¥ instagram Ã¤r nu en del av oss! ğŸ™Œ SÃ¤g Hej till @johannaherrstedt ğŸ‘‰ Finest.se/herrstedt ğŸ’ Som ni kanske har mÃ¤rkt sÃ¥ hÃ¥ller vi pÃ¥ med stora fÃ¶rÃ¤ndringar just nu - Finest har blivit en del av Lifestyle Publishing och 2017 kommer att bli ett hÃ¤ndelserikt Ã¥r ğŸ˜ Ni kommer fÃ¥ fÃ¶lja med pÃ¥ resan och bli uppdaterade om allt spÃ¤nnande som Ã¤r pÃ¥ gÃ¥ng. ğŸ˜Š . #finestse #tumblr #inspo #jagÃ¤rfinest #vscocam #sthlm #sweden #blogg #toppbloggare #swe #inspiration #travel #lifestyle #sverige #happy #motivation #fashion #ootd #blog #lifestyleworld #2017,inspo fashion lifestyleworld sverige motivation happy jagÃ¤rfinest lifestyle inspiration swe ootd tumblr sweden toppbloggare finestse blog blogg sthlm 2017 vscocam travel
https://scontent-arn2-1.cdninstagram.com/t51.2885-15/sh0.08/e35/16583432_387482408286843_7544481196432949248_n.jpg,Ses dÃ¤r â¤ï¸ ğŸ’œğŸ’ğŸ’›ğŸ’š @isabellajedler â¤ğŸ’‹,Varmt vÃ¤lkommen pÃ¥ skÃ¶nhetsevent och AW med @octoberstockholm och @isabellajedler nu pÃ¥ fredag! ğŸ’‹Bli stylad pÃ¥ plats medan du njuter av hÃ¤rligt bubbel och tilltugg. Isabella ger dig sina tips och trix fÃ¶r en lyckad make up.  NÃ¤r: 10/2 kl Var: Grev Turegatan 9  Lifestyle Store i Sturegallerian (OvanfÃ¶r Maruschka De MargÃ³) Tid: 16:30-18:30  OSA till jenny.gunnarson@finest.se ğŸ‰ğŸˆğŸ¾ Mer info pÃ¥ Finest.se - Vi ses pÃ¥ fredag! ğŸ™Œ #finestse #inspo #octoberstockholm #vscocam #lipstick #tumblr #happy #event #sthlm #sweden #red #valentine,red inspo lipstick vscocam valentine octoberstockholm tumblr sweden event sthlm finestse happy
https://scontent-arn2-1.cdninstagram.com/t51.2885-15/sh0.08/e35/16464778_638859412968703_1822555696881729536_n.jpg,,SÃ¶ndagar ğŸ˜ğŸ‘Œ . . ğŸ“· @sofiaobergs  #finestse #inspo #jagÃ¤rfinest #tumblr #vscocam #sthlm #blogg #sweden #swe #inspiration #lifestyle #weekend #breakfast #sunday #cozy,jagÃ¤rfinest lifestyle inspo inspiration swe vscocam sunday tumblr blogg sweden breakfast cozy weekend sthlm finestse
https://scontent-arn2-1.cdninstagram.com/t51.2885-15/sh0.08/e35/16229147_1814712442116141_7980049918867800064_n.jpg,â˜ºğŸŒŸâ¤ ğŸ™ŒğŸ»,SÃ¤g Hej till en av vÃ¥ra nya manliga bloggare - @haidarjuma ğŸ™Œ LÃ¤s hans blogg pÃ¥: Finest se/haidarjuma âœŒğŸ˜Š . .  #finestse #inspo #jagÃ¤rfinest #tumblr #vscocam #sthlm #blogg #sweden #swe #travel #inspiration #lifestyle #sverige #fashion #ootd #lifestyleworld,jagÃ¤rfinest lifestyle inspo inspiration swe fashion vscocam travel ootd tumblr blogg sweden sverige lifestyleworld sthlm finestse
https://scontent-arn2-1.cdninstagram.com/t51.2885-15/sh0.08/e35/16229217_987713404663273_1032143382111059968_n.jpg,Nice ğŸ‘,Trevlig Helg! ğŸ™Œ Hoppas ni fÃ¥r en fin helg vad ni Ã¤n bestÃ¤mmer er fÃ¶r att hitta pÃ¥ ğŸ˜ğŸ¶ğŸ’ğŸ’ƒğŸ¾ğŸˆğŸ‰ . . #friday #happy #finestse #helg #weekend #vscocam #tumblr #friyay #swe #sweden #sthlm,friyay friday swe vscocam tumblr sweden helg weekend sthlm finestse happy
https://scontent-arn2-1.cdninstagram.com/t51.2885-15/sh0.08/e35/16228663_1409824192402186_1639885386253598720_n.jpg,ğŸ˜ğŸ‘ŒğŸ»ğŸ¥‚ ğŸ™ŒğŸ¾ğŸ˜ƒ ğŸ˜ğŸ˜ ğŸ˜ŒğŸ™Š Yeeaay! ğŸ˜ŠğŸ˜™ ğŸ˜ƒğŸ’• @jennygunnarson visar du magen? #nakenchock @johanandreaslarsson Hon tar mellopremiÃ¤ren pÃ¥ stÃ¶rsta allvar tror jag ğŸ˜˜ğŸ¶ @johanandreaslarsson Haha!!! mÃ¥ste ju skapa lite rubriker @louiseiturkiet.se Eller hur ğŸ˜âœŒğŸ˜‰ Whoop whoop ğŸ˜ƒğŸ‘ğŸ‘ ğŸ‘ŒğŸ¼ ğŸ˜ğŸ˜ğŸ˜ğŸ˜ğŸ˜ğŸ˜ ğŸ˜ğŸ˜ğŸ‘ğŸ»ğŸ‘ğŸ»,Vi Ã¤r sÃ¥ taggade pÃ¥ 2017 och glada Ã¶ver alla otroligt kreativa mÃ¤nniskor vi jobbar med varje dag! ğŸ™ŒğŸ˜ƒğŸ’ª . . #finestse #lifestyle #lifestyleworld #happy #2017 #creative #inspiration #work #sthlm #rokastonewear #swe #sweden #lifestylestore #Ã¶stermalm #sverige #vscocam #tumblr,lifestyle inspiration swe lifestylestore vscocam finestse creative Ã¶stermalm lifestyleworld sverige work rokastonewear sweden tumblr sthlm 2017 happy
https://scontent-arn2-1.cdninstagram.com/t51.2885-15/sh0.08/e35/14547826_362887720764423_3139005298144968704_n.jpg,â­ï¸â¤ï¸ Nisvetâ¤ Do You Love Naija Music?,DÃ¤r palmerna bor ğŸŒ´ Tagga nÃ¥gon du vill resa med ğŸ˜ . .  #finestse #jagÃ¤rfinest #inspo #happy #palms #travel #nature #sunset #summer #sommar #resa #palmer #vscocam #tumblr,jagÃ¤rfinest inspo palmer palms resa nature travel vscocam sommar tumblr sunset summer finestse happy
https://scontent-arn2-1.cdninstagram.com/t51.2885-15/sh0.08/e35/14547826_239505246502358_7752285840360865792_n.jpg,@deinpelz.de â­ â¤â¤ Great :),Monday mood - HAPPY ğŸ˜ƒ Hoppas ni har haft en bra bÃ¶rjan pÃ¥ den nya veckan ğŸ’•  #finestse #jagÃ¤rfinest #inspo #happy #vscocam #tumblr #fashion #blogger #ootd #motivation #monday #blogg #fw,jagÃ¤rfinest inspo fashion vscocam ootd fw tumblr monday blogg motivation blogger finestse happy
https://scontent-arn2-1.cdninstagram.com/t51.2885-15/e35/16122848_167189163768871_8369886619808825344_n.jpg,Omg YES PLEASE @thecloudberry Wohooo  vill sÃ¥ klart gÃ¥ pÃ¥ bio med @sylabolina ğŸ˜ƒğŸ’ƒğŸ»ğŸ˜˜ Ã…hh gullis! Jag vill se filmen med dig med @johannasjoo â¤ï¸ğŸ¥‚ğŸŒŸğŸ¿ğŸ“½ @thereseholmberg ğŸ–¤ SjÃ¤lvklart tar jag med mig min sambo @johnniwesth ğŸ’– Jag vill se filmen med min absolut bÃ¤sta biokompis @stojnis ğŸ™‹ğŸ¼ğŸ™‹ğŸ¼ğŸ¿ğŸ¬ğŸ§ Med love of my life @piiixie â¤ï¸ Det Ã¤r vÃ¤l biodags eller hur @birgitwelen ğŸ˜Š @sanna208 ğŸ˜ğŸ˜ğŸ˜ Hoppas hoppas ğŸ˜Š @katjahalva SÃ¥klart man vill se den med sin snuskigaste bÃ¤stis ğŸ˜‚ğŸ˜ğŸ‘… @mmariaao Bio vore kul  hÃ¥ller tummarnağŸ˜Œ@josefinabc Let's spice it up @jansifvert ğŸ˜‰ Vill sjÃ¤lvklart se denna film med vÃ¤rldens bÃ¤sta dagmamma @karamellankan ğŸ˜œğŸ¥‚ @susanna_soderman ğŸ’„dags fÃ¶r inspo ğŸ˜šğŸ˜ @krisstoss ğŸ‘¯ @cissiblaa wuhuu â¤ğŸ˜â¤ğŸ˜â¤ğŸ˜ @charliewallhagen ğŸ˜ğŸ‘ Jag och @nelllies vill absolut gÃ¥ och se denna ğŸ˜ @hkjellsson ğŸ™ˆ @ellenmork ğŸ™‰ @paouiie ğŸ‘¯ @bjornknu ğŸ˜»ğŸ’‘ğŸ”¥ @nicolinehedlund ğŸ‘…ğŸ¿ğŸ¾âœ¨ğŸ’• @maddtjoffs ğŸ¤—ğŸ™† @malincwk81 ___ğŸŒ @jensan_79 ğŸ‘¿ @antonmozgovoj ğŸ˜‰ğŸ˜‰ @sofia__rus lol no thanks @linacolbrand ğŸ’‹ğŸ’‹ğŸ’‹ @malika.dm â¤ğŸ¿ @jessheden ğŸ˜ @jasmine.elmgren ğŸ @cecilianordqvist ğŸ™‰ğŸ¿ @annaterneborg ğŸ¾ @jmfcash dags att fÃ¥ lite lektioner...ğŸ­ @patriciakimstrom vi Ã¤lskar bÃ¶ckernağŸŒ¹ ğŸ¤¡ğŸ˜‹ğŸ˜@zimmergrenm Wow  denna vill vi ju se eller hur @mittandraliv ğŸ’• Krypa in i biomÃ¶rkret Ã¤r inte helt fel eller hur @avanhage ??? ğŸ˜‡ğŸ˜‡ ğŸ¢ @wibomskan ğŸ™ğŸ» @lisagranesater Vad sÃ¤gs om lite action i biomÃ¶rkret @annabennichkarlstedt ğŸ˜œğŸ’¥ğŸ†ğŸ­ğŸ¥‚ğŸ‡ğŸ­ğŸ”¨ğŸ”ğŸŒ¹ğŸš¦ğŸ’ğŸ˜ #fiftyshadesdarker @sophiemansson89 Miss Steele och Mr Grey... det blir inte annat Ã¤n hett!ğŸ”¥ ğŸ­ @johannaahlm @sawaan_ ğŸ” ğŸ’ @paulinavanhage ğŸ” @3llaz Vill gÃ¥ med @jessicanystrom87 fÃ¶r hon behÃ¶ver mer snusk i sitt liv ğŸ’‹ @majahenemo ğŸ¾ @natashajohansson ğŸ˜ˆğŸ‘„ @missbeatriice jaaa hoppas vi vinner aldrig ğŸ˜­â¤â¤â¤ Denna borde vi se @sandra_gustafsson ğŸ¤ @josefinp ğŸ‘­ ğŸ”¥ @kikans Vill se filmen med min fÃ¤stman..@serbiensvensken ğŸ˜˜ğŸ’‘ @alexandraapersson âš¡ Jag och @antonsson88 sÃ¥g den fÃ¶rsta tillsammans och borde sjÃ¤lvklart Ã¤ven se uppfÃ¶ljaren ihop! ğŸ‘©ğŸ»ğŸ‘„ğŸ‘”ğŸ“¿ ğŸ¤µğŸ» @linneahpersson ğŸ† @fridahelenmagnusson ğŸ’ƒğŸ¾ğŸ‘ŒğŸ”¥ğŸ’‹ @inkbyamalia ğŸ™ˆ Klart vi Ã¤ven mÃ¥ste se uppfÃ¶ljaren tillsammans @viibacken ğŸ‘¯ @freddeado93 ğŸ‘„ @fsigge82 ğŸ‘ŒğŸ‘ˆ @finestse vill se filmen med  @farizeh84 fÃ¶r det Ã¤r vÃ¥r fÃ¶rsta Alla â¤dag tillsammans! Vill se filmen med @tryngryn fÃ¶r vi â¤att se pÃ¥ ğŸ¬ihop! Vill se filmen med @jhonniehoden â¤ Vill se filmen med ğŸ˜ğŸ˜ @zaruhigh Klart vi ska se tantsnusk @madeleine__olsson ğŸ•¶ Vill absolut se den med @nisvetğŸ˜œğŸ˜œ @manduhw ğŸ˜ HAHAHA jag dÃ¶r. "Mer snusk" @frankochjag.se Kan jag kanske ocksÃ¥ behÃ¶va  sÃ¥ vore perfekt om vi vann ğŸ˜ğŸ˜ @jessicanystrom87 @rebeccavanhage ğŸ˜ğŸ˜ jag e fett tagg pÃ¥ denna haha âœŠâœŠâœŠ @nadiaxsoltani @allanshohani Wihooo nu Ã¤r den snart hÃ¤r igen! ğŸ˜ @lillnell vi mÃ¥ste se denna tillsammans ocksÃ¥ ğŸ‰ğŸ‘…ğŸ’ @david_anderberg ğŸ¤¤ @alexis.rodriguezleon ğŸ’‘ @jeanette_806 ğŸ˜œğŸ˜˜ğŸ˜‹ @ida.maria.nilsson en systerdate och tantsnusk ğŸ˜‰ğŸ™ŒğŸ¼ jag skulle vilja gÃ¥ min bÃ¤sta vÃ¤n VarfÃ¶r inte @christinanilsson1 ğŸ˜ğŸ˜˜ğŸ‘ğŸ¼ Skulle vilja gÃ¥ med @annabokon ğŸ­ @sofie_ekestubbe ğŸ˜»ğŸ˜ @mikarindefors ğŸ‘„ Biotime @birgitwelen ğŸ¬ @jossa_n ğŸ’‹ TvÃ¥an Ã¤r sÃ¤kert superbra... â¤more passionğŸ”¥ @jossanofficial ğŸ˜ğŸ‘¢ğŸ˜ˆğŸ’ğŸ‘„ğŸ‘™ğŸ¸ @sarasommerfeld ğŸ”« @cecilia.sandberg ğŸ˜ğŸ˜‹ğŸ™‹ğŸ¼ğŸ™‹ğŸ½ @sofiaoberg @sofiaobergs @isabellajedler ğŸ‘…ğŸ™ˆ @jakeahl HAHAHA vi mÃ¥ste alltsÃ¥ ğŸ¤‘ğŸ¤‘ğŸ¤‘ @the_last_unicornn jag vill gÃ¤rna vara med och vinna @stjarnan1564 â­ğŸ’–â¤ @sofiaoberg Vinnarna..? Vi har nu kontaktat vinnarna i tÃ¤vlingen och tackar fÃ¶r det stora intresset! ğŸ˜ hÃ¥ll utkik efter kommande tÃ¤vlingar! ğŸ¾ ğŸ‘†ğŸ»@aw1965 ğŸ˜ AssÃ¥ lÃ¤tt Ã¥Ã¥Ã¥Ã¥Ã¥Ã¥Ã¥Ã¥  jag vill gÃ¥ ğŸ˜ Och sÃ¥klart med min bff and partner in crime @yasminaosman Jag vill se filmen med @ansifi :) @miikeazizi Jag vill se Fifty Shades Darker tillsammans med min BFF @ST1LLCOUNTING!ğŸ¥â˜ºï¸ğŸ’• Jag vill se filmen med @stylebylouise ğŸ’« @nettexnette ğŸŒ¸,TÃ„VLING! Vinn biobiljetter till Fifty Shades Darker ğŸ˜ Tagga en vÃ¤n som du vill se filmen med i det hÃ¤r inlÃ¤gget tillsammans med en emoji som motivering fÃ¶r din chans att vinna 2 st biobiljetter som gÃ¤ller Ã¶verallt dÃ¤r filmen visas och sÃ¥ lÃ¤nge den visas. Totalt kommer 15 vinnare utses som meddelas via instagram den 6/2. Biljetterna hÃ¤mtas i Lifestyle Store i Sturegallerian ğŸ’ƒğŸ’ƒğŸ’ƒ Se trailern pÃ¥ Finest.se - Lycka till! ğŸ˜ƒ #finestse #tÃ¤vling #fiftyshadesdarker #inspo #movie #bio #cinema #sthlm #uip,inspo cinema uip finestse fiftyshadesdarker bio tÃ¤vling sthlm movie
https://scontent-arn2-1.cdninstagram.com/t51.2885-15/sh0.08/e35/16229506_768037606676531_7546016582816759808_n.jpg,ğŸ’›ğŸ’›ğŸ’›,Den hÃ¤r tisdagen kÃ¤nner vi oss extra glada och taggade tack vare @themalinronnquist ğŸ˜ƒğŸ’ƒğŸ¶ Nu kÃ¶r vi!,
https://scontent-arn2-1.cdninstagram.com/t51.2885-15/sh0.08/e35/15876635_1843711032538524_5806395493240012800_n.jpg,Very cool,Dreaming about summer ğŸŒŠâ˜‰ğŸ‘Œ . . . #finestse #jagÃ¤rfinest #inspo #summer #thailand #travel #vacation #sweden #blogg #blog #beach #waves #suntan #vscocam #tumblr #mode #nature #happy,jagÃ¤rfinest suntan thailand inspo vacation waves blog nature travel finestse vscocam mode blogg tumblr sweden beach summer happy
https://scontent-arn2-1.cdninstagram.com/t51.2885-15/sh0.08/e35/16122960_1546961951998310_9088606206603296768_n.jpg,ğŸ˜ğŸ˜ğŸ˜˜ ğŸ˜ ğŸŒŸ Beni neden cagÄ±rmadÄ±n,Breakfast time â¤ Ny vecka - nu kÃ¶r vi! ğŸ’ğŸ’ª #finestse #jagÃ¤rfinest #inspo #breakfast #monday #vscocam #tumblr #happy #travel #swe #sweden #sthlm #inspiration #ootd #photo #blog #post,jagÃ¤rfinest inspo inspiration swe blog sthlm vscocam travel ootd photo breakfast tumblr sweden post happy finestse monday
https://scontent-arn2-1.cdninstagram.com/t51.2885-15/sh0.08/e35/16122862_1833937406876220_5056106788718379008_n.jpg,ğŸ˜˜ğŸ‘ğŸ»ğŸ¤—,HÃ¤rlig sÃ¶ndagslÃ¤sning finns pÃ¥ @amandafranzeen s blogg ğŸ‘Œ LÃ¤s om hennes vardag och distansfÃ¶rhÃ¥llandet till pojkvÃ¤nnen som spelar fotboll i England ğŸ‘ŒğŸ‘‰ Finest.se/amandafranzen ğŸ’ #finestse #jagÃ¤rfinest #inspo #fotboll #blog #tumblr #vscocam #london #sweden #sunday #reading #weekend,jagÃ¤rfinest inspo fotboll blog vscocam sunday tumblr sweden reading weekend london finestse
https://scontent-arn2-1.cdninstagram.com/t51.2885-15/sh0.08/e35/15876363_1698824583742220_1237103610932756480_n.jpg,ğŸ˜» Snyggt! FÃ¶lj oss fÃ¶r inspoğŸ’•,Se bilder och alla pristagare frÃ¥n Ã¥rets ELLE-gala pÃ¥ Finest.se ğŸ‘ŒğŸ“·: @jennysfotografi ğŸ’ @ellesverige #ellegalan2017 #finestse #jagÃ¤rfinest #inspo #gala #happy #2017 #award #swe #sweden #sthlm #elle #vscocam #tumblr,2017 jagÃ¤rfinest gala inspo ellegalan2017 elle award swe vscocam tumblr sweden sthlm finestse happy
https://scontent-arn2-1.cdninstagram.com/t51.2885-15/sh0.08/e35/15876523_1378398475511965_7209015397025054720_n.jpg,,Frukostgoals ğŸ‘Œ Imorse var Lifestyle Publishing pÃ¥ Grand HÃ´tel fÃ¶r att fÃ¥ veta Ã¥rets vinnare pÃ¥ ELLE-galan 2017! IkvÃ¤ll kl 21.30 hittar ni samtliga pristagare med bilder pÃ¥ Finest sÃ¥ hÃ¥ll utkik âœŒ Trevlig helg! #finestse #jagÃ¤rfinest #ellegalan2017 #lifestyle #elle #2017 #breakfast #coffee #grandhotel #inspo #vscocam #tumblr #flowers #friday,2017 jagÃ¤rfinest lifestyle inspo friday ellegalan2017 elle vscocam grandhotel flowers breakfast coffee tumblr finestse
https://scontent-arn2-1.cdninstagram.com/t51.2885-15/sh0.08/e35/15802284_162386397579470_7664447076188553216_n.jpg,Fint!!!ğŸ’• ğŸ˜ğŸ˜ğŸ˜âœ¨ Men vad snygg ğŸ˜©ğŸ˜,Idag hade vi besÃ¶k av fina @isabellajedler pÃ¥ kontoret! Bella pryder just nu omslaget av nya Lifestyle Wellness ğŸ˜ğŸ‘Œ #finestse #jagÃ¤rfinest #inspo #vscocam #tumblr #lifestyle #blog #toppbloggare #sthlm #swe #sweden #world #magazine #lifestyleworld,jagÃ¤rfinest lifestyle world inspo blog swe vscocam magazine tumblr lifestyleworld sweden toppbloggare sthlm finestse
https://scontent-arn2-1.cdninstagram.com/t51.2885-15/sh0.08/e35/15876529_267213293694380_8455577406411898880_n.jpg,,@maximilianhabobi s resa till Spanien ser magisk ut! ğŸ˜ Mer hÃ¤rliga bilder hittar du pÃ¥ bloggen ğŸ‘‰ Finest.se/maximilianh ğŸ’ #finestse #jagÃ¤rfinest #inspo #travel #beautifuldestinations #spain #barcelona #palms #sun #vscocam #tumblr #pictures #outfitoftheday,jagÃ¤rfinest inspo outfitoftheday palms travel beautifuldestinations spain vscocam tumblr pictures finestse sun barcelona
https://scontent-arn2-1.cdninstagram.com/t51.2885-15/sh0.08/e35/15802079_930707657029365_4474741995511742464_n.jpg,Awesome!,Fina inredningsdetaljer hittar ni pÃ¥ @nikkireijo s blogg ğŸ‘ŒğŸ‘‰ Nikkireijo.se ğŸ’ #finestse #jagÃ¤rfinest #inspo #lifestyle #blog #interior #vscocam #tumblr #home #inspiration #sweden,jagÃ¤rfinest lifestyle inspo interior inspiration blog vscocam tumblr sweden home finestse
https://scontent-arn2-1.cdninstagram.com/t51.2885-15/sh0.08/e35/15803225_392755177739847_32761589627092992_n.jpg,This post is good,Det bÃ¤sta frÃ¥n 2016 ğŸ€ Gott nytt Ã¥r Ã¶nskar Finest och stort tack fÃ¶r detta fantastiska Ã¥r! NÃ¤sta Ã¥r kommer bli ett otroligt hÃ¤ndelserikt Ã¥r och vi kan inte vÃ¤nta pÃ¥ att fÃ¥ dra igÃ¥ng allt! Vi Ã¤r redo fÃ¶r 2017 - Ã„r ni!? ğŸ’ #finestse #jagÃ¤rfinest #happynewyear #likes #lifestyle #inspo #tumblr #vscocam #lifestyleworld #fashion #motivation #inspiration,jagÃ¤rfinest lifestyle inspo inspiration fashion vscocam likes happynewyear tumblr lifestyleworld motivation finestse
https://scontent-arn2-1.cdninstagram.com/t51.2885-15/sh0.08/e35/15625034_1387072564670334_2874177374155440128_n.jpg,,Hos Finest toppbloggare @thessan.se hittar ni alltid en massa inspiration bÃ¥de nÃ¤r det gÃ¤ller resor men ocksÃ¥ hur du klÃ¤r dig som en riktig business woman ğŸ’ªğŸ˜‰ Thessan.se ğŸ’ #finestse #jagÃ¤rfinest #inspo #friday #business #inspiration #motivation #lv #sweden #bag #city #vscocam #tumblr #ootd #weekend #newyear #swe #travel #blogg,jagÃ¤rfinest bag inspo friday inspiration swe city vscocam ootd travel business tumblr blogg sweden newyear lv motivation weekend finestse
https://scontent-arn2-1.cdninstagram.com/t51.2885-15/sh0.08/e35/15535583_941362819328077_6943122265311543296_n.jpg,,@johannasjoo ser ut att ha haft en fantastisk fin jul ğŸ˜ Mer bilder och inspiration hittar du pÃ¥ bloggen ğŸ‘‰ Johannasjoo.com ğŸ’ #finestse #jagÃ¤rfinest #inspo #christmas #december #sthlm #sweden #blogg #toppbloggare # blogpost #vscocam #tumblr #cozy,jagÃ¤rfinest inspo december vscocam blogg tumblr sweden cozy toppbloggare sthlm finestse christmas
https://scontent-arn2-1.cdninstagram.com/t51.2885-15/sh0.08/e35/15623807_582989898565271_5315727283904839680_n.jpg,ğŸŒ´â˜€ï¸ğŸ˜‰ ĞŸÑ€Ğ¸ÑĞ¾ĞµĞ´Ğ¸Ğ½ÑĞ¹ÑÑ! ğŸŒ¿ âœ¨,@amarelloo firar jul pÃ¥ varmare breddgraderğŸŒ¡ğŸ–ğŸ‘ŒğŸ‘‰ Marcelos.se ğŸ’ #finestse #jagÃ¤rfinest #phuket #travel #vacation #christmas #marcelo #coconut #beach #ocean #sthlm #blogg #vscocam #tumblr #inspo #asia,jagÃ¤rfinest inspo vacation coconut phuket asia travel vscocam marcelo blogg tumblr beach ocean sthlm finestse christmas
https://scontent-arn2-1.cdninstagram.com/t51.2885-15/sh0.08/e35/15538821_371744986510172_4339841926057426944_n.jpg,Merry Christmas ğŸ„ğŸğŸ˜ƒ,God Jul Ã¶nskar Finest â¤  Bild: @baakochmaat ğŸ’ #merrychristmas #christmas #inspo #tumblr #vscocam #sthlm #godjul #blogg #toppbloggare #mys #julgran #presents #tree,inspo julgran merrychristmas presents tree vscocam toppbloggare tumblr blogg mys godjul sthlm christmas
https://scontent-arn2-1.cdninstagram.com/t51.2885-15/sh0.08/e35/15624212_998817493557066_3935974529033043968_n.jpg,You and @jadekaty are my 2 favourite profiles on Instagram ğŸ’• #ğŸ’›,Snart Ã¤r det dags att ta julledigt  men Ã¤n finns det tid att bli stark pÃ¥ gymmet ğŸ’ªSpana in @amandafranzeen s blogg fÃ¶r hÃ¤rlig inspo ğŸ‘‰ Finest.se/amandafranzen ğŸ’ #finestse #jagÃ¤rfinest #inspo #gym #training #christmas #nike #adidas #blonde #vscocam #tumblr #muscles #sweden #swe #sthlm #weekend #friday,jagÃ¤rfinest training inspo blonde friday swe nike adidas gym vscocam muscles tumblr sweden weekend sthlm finestse christmas
https://scontent-arn2-1.cdninstagram.com/t51.2885-15/sh0.08/e35/15306583_1127538310699773_1893567689721380864_n.jpg,,Finest toppbloggare @sannaansaldo hÃ¤lsar pÃ¥ kÃ¤ngurus i landet down under ğŸ˜ (Australien) Se mer bilder ğŸ‘‰ Finest.se/sannaansaldo ğŸ’ #finestse #jagÃ¤rfinest #australia #sydney #kangaroo #inspo #fashion #travel #nature #inspiration #resa #blogg #toppbloggare #swe #aussie #tumblr #vscocam,jagÃ¤rfinest aussie sydney inspo resa inspiration nature swe fashion kangaroo travel vscocam blogg tumblr toppbloggare finestse australia
https://scontent-arn2-1.cdninstagram.com/t51.2885-15/sh0.08/e35/15539080_1712136055701754_9060198043072069632_n.jpg,KÃ–P DIN Ã„KTA PÃ„LS PÃ… HM FUR.comğŸ’–,Alla bilder frÃ¥n gÃ¥rdagens exklusiva fÃ¶rhandsvisning av Lifestyle Store i Sturegallerian hittar ni pÃ¥ Finest.se - Vilket fantastiskt bloggmingel ğŸ˜âœŒ #finestse #lifestyle #lifestylestore #sthlm #sturegallerian #inspo #showroom #pr #bilder #blogg #sweden #mingel #exclusive,lifestyle inspo exclusive showroom lifestylestore bilder sturegallerian blogg mingel sweden pr sthlm finestse
https://scontent-arn2-1.cdninstagram.com/t51.2885-15/sh0.08/e35/14624556_1223551364407887_2453899091776634880_n.jpg,â¤ï¸ğŸ…ğŸ¼,Glad Lucia Ã¶nskar Finest och @themalinronnquist s sÃ¶ta tomtenisse Novah ğŸ’•ğŸ•¯ğŸ„ #finestse #lucia #jagÃ¤rfinest #baby #sverige #sthlm #barn #inspo #christmas #jul #tomte #tomtenisse #tumblr #cute #blogg #toppbloggare #tuesday,jagÃ¤rfinest tomtenisse tuesday barn inspo finestse cute tumblr sverige blogg tomte baby toppbloggare jul sthlm lucia christmas
https://scontent-arn2-1.cdninstagram.com/t51.2885-15/sh0.08/e35/15337180_745022695646586_5447401158609993728_n.jpg,looking good!,Hej mÃ¥ndag  nu kÃ¶r vi! ğŸ™Œ ğŸ“·: @diabetesmannens ğŸ’ #finestse #jagÃ¤rfinest #inspo #outfit #sweden #uppsala #ootd #monday #blogg #klÃ¤der #diabetes #toppbloggare #tumblr #vscocam #winter #coffee #ipad #style #man,jagÃ¤rfinest diabetes inspo klÃ¤der ipad style ootd vscocam blogg tumblr sweden winter outfit coffee man toppbloggare uppsala finestse monday
https://scontent-arn2-1.cdninstagram.com/t51.2885-15/sh0.08/e35/15258789_354412398261499_8296125959568883712_n.jpg,ğŸ‘‹ğŸ‘Œ,Vilken sminkning @isabellajedler ğŸ˜ Mer #inspo hittar ni pÃ¥ bloggen ğŸ‘‰ Isabellajedler.com ğŸ’ #finestse #jagÃ¤rfinest #makeup #sthlm #weekend #sunday #swe #inspiration #pink #power #makeupartist #smink #blogg #toppbloggare #tumblr #glitter #lips,jagÃ¤rfinest makeupartist glitter inspo lips inspiration swe pink sunday blogg power tumblr toppbloggare weekend makeup finestse smink sthlm
https://scontent-arn2-1.cdninstagram.com/t51.2885-15/sh0.08/e35/15306138_1482913615056878_2525842516993900544_n.jpg,Para @jesssiix33,Trevlig helg! â¤ ğŸ“· @fiaanderberg  #finestse #jagÃ¤rfinest #godis #inspo #heart #sthlm #vscocam #tumblr #candy #weekend #helg #friday #blogg #toppbloggare,jagÃ¤rfinest inspo friday godis candy vscocam heart tumblr blogg helg toppbloggare weekend sthlm finestse
https://scontent-arn2-1.cdninstagram.com/t51.2885-15/sh0.08/e35/15251826_193813721080860_9033189686692020224_n.jpg,Goals... ğŸ‘ŒğŸ™Œ ğŸ˜ This should be us @msiggelinalstermark @fiakristinas ğŸ˜ğŸ˜ğŸ˜ Such a great post! ğŸ’•ğŸ’•,Det Ã¤r alltid roligare att vara tvÃ¥ pÃ¥ gymmet ğŸ’ªğŸƒHÃ¤r hittar du @emmabuggo s trÃ¤ningspass ğŸ‘‰ Finest.se/emmabuggo ğŸ’ #finestse #jagÃ¤rfinest #gymgoals #friends #inspo #gym  #girlpower #trÃ¤ning #sverige #motivation #blogg #toppbloggare,jagÃ¤rfinest inspo friends girlpower trÃ¤ning gymgoals gym toppbloggare blogg sverige motivation finestse
https://scontent-arn2-1.cdninstagram.com/t51.2885-15/sh0.08/e35/15275738_1771070076492188_2982318929772281856_n.jpg,ğŸ’• ğŸ˜ŠğŸ‘ğŸ‘ŠğŸ’ªğŸ˜‰,Vilka livsmedel bÃ¶r du undvika fÃ¶r att hÃ¥lla en bra balans i kroppen? Svaret hittar du pÃ¥ @deniceemoberg s blogg! âœŒğŸ‘‰ Finest.se/deniceemoberg ğŸ’ #finestse #jagÃ¤rfinest #inspo #healthy #gym #muscles #sweden #training #tumblr #sport #motivation #goals #nature #trÃ¤ning #girl #toppbloggare,jagÃ¤rfinest training healthy inspo girl trÃ¤ning nature gym muscles toppbloggare tumblr sweden sport motivation finestse goals
https://scontent-arn2-1.cdninstagram.com/t51.2885-15/sh0.08/e35/15258948_1836017896674732_3888777876446642176_n.jpg,SÃ¥ gottğŸ˜‹ğŸ˜‹ MumsğŸ˜,MÃ¥ndag igen ğŸ™Œ Hoppas alla fÃ¥r en fantastisk start pÃ¥ den nya veckan! ğŸ’• ğŸ“·: @frankochjag.se #finestse #monday #jagÃ¤rfinest #week #inspo #pancakes #motivation #love #tumblr #blogg #sverige #sthlm #toppbloggare #pannkakor #mÃ¥ndag,jagÃ¤rfinest motivation love inspo week toppbloggare pannkakor tumblr blogg sverige mÃ¥ndag pancakes sthlm finestse monday
https://scontent-arn2-1.cdninstagram.com/t51.2885-15/sh0.08/e35/15276687_319701911745464_1301260861737795584_n.jpg,ğŸ’ğŸ’,Trevlig helg Ã¶nskar Finest redaktionen ğŸ˜ƒğŸ‰ ğŸ“·: @nikkireijo ğŸ˜ #finestse #jagÃ¤rfinest #trevlig #helg #weekend #inspo #fika #cozy #vinter #advent #sverige #gotland #tumblr #friday #friyay #glÃ¶gg,jagÃ¤rfinest trevlig friyay inspo friday vinter gotland tumblr sverige fika glÃ¶gg helg cozy weekend finestse advent
https://scontent-arn2-1.cdninstagram.com/t51.2885-15/sh0.08/e35/15275602_200451323745069_5969424931308437504_n.jpg,,@sannaansaldo Ã¤r pÃ¥ semester i Australien och vi Ã¤r sÃ¥Ã¥Ã¥ avundsjuka ğŸ˜ FÃ¶lj hennes resa pÃ¥ bloggen ğŸ‘‰ Finest.se/sannaansaldo ğŸ’ #finestse #jagÃ¤rfinest #australia #sydney #travel #blogg #australien #resa #beach #inspo #semester #toppbloggare,jagÃ¤rfinest sydney inspo resa travel toppbloggare blogg beach semester australien finestse australia
https://scontent-arn2-1.cdninstagram.com/t51.2885-15/sh0.08/e35/15101781_347246388967250_8072364369675026432_n.jpg,ğŸ‘Œ Amazing post âœ‹ğŸŒğŸŒ´ğŸ‰ - Beautiful pic ğŸ˜ƒâ— - What's your favorite place to travel to? ğŸŒ,Vi sÃ¤ger Hej till @louiseiturkiet som bÃ¶rjat blogga pÃ¥ Finest och Ã¤r ny toppbloggare! ğŸ™Œ Louise bor i Turkiet och pÃ¥ bloggen fÃ¥r ni alltsÃ¥ ta del av hennes liv i Turkiet tillsammans med hennes man och tvÃ¥ barn. â˜ºğŸ‘‰ Louiseiturkiet.se ğŸ’ LÃ¤s Ã¤ven intervjun med Louise pÃ¥ Finest.se ğŸ‘Œ #finestse #jagÃ¤rfinest #resa #turkiet #mamma #mammablogg #fÃ¶rÃ¤lder #sverige #barn #inspo #blogg #toppbloggare #intervju #vardag,jagÃ¤rfinest barn inspo vardag resa intervju turkiet fÃ¶rÃ¤lder mammablogg blogg sverige toppbloggare finestse mamma
https://scontent-arn2-1.cdninstagram.com/t50.2886-16/15257993_375823846093408_2977215409113006080_n.mp4,,Tack fÃ¶r ett personligt och bra upptrÃ¤dande idag @dannysaucedo ğŸ˜ I Januari kan ni se hans show pÃ¥ Hamburger BÃ¶rs i Stockholm ğŸ‘ #dannysaucedo #hamburgerbÃ¶rs #amazing #sÃ¥mycketbÃ¤ttre #tv4 #music #inspo #song #sthlm #sweden #finestse #prbeyond,music hamburgerbÃ¶rs inspo tv4 dannysaucedo song sÃ¥mycketbÃ¤ttre sweden amazing sthlm finestse prbeyond
https://scontent-arn2-1.cdninstagram.com/t51.2885-15/sh0.08/e35/15043924_1254100214629078_1009224435892224000_n.jpg,Aw nice,PÃ¥ @isabellajedler s blogg hittar du allt om "baking" och 6 steg pÃ¥ hur du anvÃ¤nder den populÃ¤ra sminkmetoden ğŸ‘ŒğŸ˜ #finestse #jagÃ¤rfinest #kimkardashian #baking #inspo #makeup #sweden #smink #trend #tumblr #sthlm #fashion #hair #style #tutorial,jagÃ¤rfinest inspo kimkardashian tutorial style fashion trend baking tumblr hair sweden makeup finestse smink sthlm
https://scontent-arn2-1.cdninstagram.com/t51.2885-15/sh0.08/e35/15034988_575853302618820_8637802968881561600_n.jpg,ğŸ’›ğŸŒŸğŸ’«,SÃ¤g Hej till Finest nya toppbloggare @themalinronnquist ğŸ™Œ Vi beskriver Malin som en chic mamma som bloggar om dottern Novah som fÃ¶ddes fÃ¶r 2 mÃ¥nader sedan och ni fÃ¥r ocksÃ¥ ta del av bland annat mode  inredning och trÃ¤ning! â˜ºğŸ‘‰ Finest.se/malinronnquist ğŸ’ LÃ¤s Ã¤ven intervjun med Malin pÃ¥ Finest.se âœŒ #finestse #jagÃ¤rfinest #mamma #mammabloggare #fÃ¶rÃ¤lder #inspo #chic #model #inredning #uppsala #sverige #happy #dotter #toppbloggare #intervju,jagÃ¤rfinest inspo model intervju inredning fÃ¶rÃ¤lder dotter sverige mammabloggare chic toppbloggare uppsala happy finestse mamma
https://scontent-arn2-1.cdninstagram.com/t51.2885-15/sh0.08/e35/15056539_1483339388349279_5017057886660984832_n.jpg,,Hos @deniceemoberg hittar du alla trÃ¤ningstips du behÃ¶ver fÃ¶r att hÃ¥lla motivationen uppe! âœŒLÃ¤s hennes nya inlÃ¤gg "5 faser du gÃ¥r igenom nÃ¤r du bÃ¶rjar trÃ¤na" hÃ¤r ğŸ‘‰ Finest.se/deniceemoberg ğŸ’#finestse #jagÃ¤rfinest #gym #training #inspo #motivation #muscles #sweden #tan #inspiration #denicemoberg #tumblr #lifestyle #healthy #girlpower,jagÃ¤rfinest lifestyle training inspo healthy denicemoberg inspiration girlpower gym muscles tumblr sweden tan motivation finestse
https://scontent-arn2-1.cdninstagram.com/t51.2885-15/sh0.08/e35/15034994_284165928652081_9145043296643448832_n.jpg,,Ã„ntligen mÃ¥ndag! ğŸ‘ PÃ¥ @diabetesmannens blogg hittar du en massa inspiration och Ã¤ven ett inlÃ¤gg om hur du fÃ¥r fler fÃ¶ljare pÃ¥ instagram! ğŸ‘Œâ˜ºğŸ‘‰Finest.se/diabetesmannen ğŸ’ Hoppas ni fÃ¥r en bra start pÃ¥ den nya veckan! #finestse #jagÃ¤rfinest #monday #new #week #sweden #uppsala #ootd #outfit #style #tumblr #vscocam #fashion #inspo,jagÃ¤rfinest inspo style fashion ootd week vscocam tumblr sweden new outfit uppsala finestse monday
https://scontent-arn2-1.cdninstagram.com/t51.2885-15/sh0.08/e35/15034932_201013053686383_1406355992756617216_n.jpg,ğŸ˜ƒğŸ˜ƒğŸ™ğŸ¼âœ¨ ğŸ˜Š Pretty â¤ nice shot!,SkÃ¶nt med lite vintersol â˜ºğŸ‘‰ Finest.se/thereseklockare ğŸ’ #finestse #jagÃ¤rfinest #inspo #vscocam #tumblr #sverige #vinter #snÃ¶ #outfit #ootd #sol #girlpower #blogg #toppbloggare,sol jagÃ¤rfinest inspo snÃ¶ girlpower vscocam ootd vinter tumblr sverige blogg outfit toppbloggare finestse
https://scontent-arn2-1.cdninstagram.com/t51.2885-15/sh0.08/e35/15043933_1129001027221312_2720863207945142272_n.jpg,ğŸ‘ŒğŸ»,@nellielindgren skriver om psykisk ohÃ¤lsa och har sjÃ¤lv diagnosen bipolÃ¤r. PÃ¥ hennes blogg finns en massa inlÃ¤gg som alla kan dra nytta av att lÃ¤sa. ğŸ’•ğŸ‘‰ Nellielindgren.se ğŸ’#finestse #jagÃ¤rfinest #sweden #inspo #psykiskohÃ¤lsa #hÃ¤lsa #bipolÃ¤r #blogg #toppbloggare #inspiration #ootd #girlpower #tumblr #vscocam,hÃ¤lsa jagÃ¤rfinest psykiskohÃ¤lsa bipolÃ¤r inspo inspiration girlpower ootd vscocam blogg tumblr sweden toppbloggare finestse
