blouses_and_tunics,blouses tunics shirt
coats,coat parka trench
dresses,dress
jackets,jacket blazer cape
jeans,jean skinny denim
jumpers_and_cardigans,jumper cardigan hoodie sweatshirt jersey sweater
skirts,skirt
tichts_and_socks,tights sock
tops_and_tshirts,top tshirt polo vest sleeve shirt tee tank
trouser_and_shorts,trouser legging chino jogger sweat playsuit jumpsuit shorts
shoes,shoe boot heel sandal slipper sneaker loafer espadrilles moccasin
bags,bags handbag rucksack totebag shoulderbag
all_accessories,accessories belt glove hat cap jewellery watch purse scarve shawl sunglass beanie
