1200313225829988537,#americanstyle #ltkunder100 #hairsandstyles #igstyle #inspiringoutfit #photoeveryday #styleoftheday #realoutfitgram #ltkunder50 #aboutalook #whatiwore so cozy! ğŸ’• ğŸ¶ğŸ¶ğŸ¶ğŸ¶ love your phone case babe! love this!!!! and you!! cutie â¤ï¸ @jessi_afshin cute â¤â¤â¤ğŸ‘ğŸ‘,iâ€™ve been layering all kinds of knits  thermals  tees  and sweaters these days under those puffy coats (because austin srsly feels like the arctic just sayinâ€™) ğŸ’™ğŸ’™ linking some of my favorite layering basics for winter layering if you girls are in much need as i am (plus my favorite $60 ripped jeans!) â„ï¸â„ï¸ deets via the @liketoknow.it app or #liketkit,liketkit
1200313225829988538,#americanstyle #ltkunder100 #hairsandstyles #igstyle #inspiringoutfit #photoeveryday #styleoftheday #realoutfitgram #ltkunder50 #aboutalook #whatiwore so cozy! ğŸ’• ğŸ¶ğŸ¶ğŸ¶ğŸ¶ love your phone case babe! love this!!!! and you!! cutie â¤ï¸ @jessi_afshin cute â¤â¤â¤ğŸ‘ğŸ‘,iâ€™ve been layering all kinds of knits  thermals  tees  and sweaters these days under those puffy coats (because austin srsly feels like the arctic just sayinâ€™) ğŸ’™ğŸ’™ linking some of my favorite layering basics for winter layering if you girls are in much need as i am (plus my favorite $60 ripped jeans!) â„ï¸â„ï¸ deets via the @liketoknow.it app or #liketkit,liketkit
1200313225829988539,#americanstyle #ltkunder100 #hairsandstyles #igstyle #inspiringoutfit #photoeveryday #styleoftheday #realoutfitgram #ltkunder50 #aboutalook #whatiwore so cozy! ğŸ’• ğŸ¶ğŸ¶ğŸ¶ğŸ¶ love your phone case babe! love this!!!! and you!! cutie â¤ï¸ @jessi_afshin cute â¤â¤â¤ğŸ‘ğŸ‘,iâ€™ve been layering all kinds of knits  thermals  tees  and sweaters these days under those puffy coats (because austin srsly feels like the arctic just sayinâ€™) ğŸ’™ğŸ’™ linking some of my favorite layering basics for winter layering if you girls are in much need as i am (plus my favorite $60 ripped jeans!) â„ï¸â„ï¸ deets via the @liketoknow.it app or #liketkit,liketkit
1200313225829988540,#americanstyle #ltkunder100 #hairsandstyles #igstyle #inspiringoutfit #photoeveryday #styleoftheday #realoutfitgram #ltkunder50 #aboutalook #whatiwore so cozy! ğŸ’• ğŸ¶ğŸ¶ğŸ¶ğŸ¶ love your phone case babe! love this!!!! and you!! cutie â¤ï¸ @jessi_afshin cute â¤â¤â¤ğŸ‘ğŸ‘,iâ€™ve been layering all kinds of knits  thermals  tees  and sweaters these days under those puffy coats (because austin srsly feels like the arctic just sayinâ€™) ğŸ’™ğŸ’™ linking some of my favorite layering basics for winter layering if you girls are in much need as i am (plus my favorite $60 ripped jeans!) â„ï¸â„ï¸ deets via the @liketoknow.it app or #liketkit,liketkit
1200313225829988541,#americanstyle #ltkunder100 #hairsandstyles #igstyle #inspiringoutfit #photoeveryday #styleoftheday #realoutfitgram #ltkunder50 #aboutalook #whatiwore so cozy! ğŸ’• ğŸ¶ğŸ¶ğŸ¶ğŸ¶ love your phone case babe! love this!!!! and you!! cutie â¤ï¸ @jessi_afshin cute â¤â¤â¤ğŸ‘ğŸ‘,iâ€™ve been layering all kinds of knits  thermals  tees  and sweaters these days under those puffy coats (because austin srsly feels like the arctic just sayinâ€™) ğŸ’™ğŸ’™ linking some of my favorite layering basics for winter layering if you girls are in much need as i am (plus my favorite $60 ripped jeans!) â„ï¸â„ï¸ deets via the @liketoknow.it app or #liketkit,liketkit
1200313225829988542,#americanstyle #ltkunder100 #hairsandstyles #igstyle #inspiringoutfit #photoeveryday #styleoftheday #realoutfitgram #ltkunder50 #aboutalook #whatiwore so cozy! ğŸ’• ğŸ¶ğŸ¶ğŸ¶ğŸ¶ love your phone case babe! love this!!!! and you!! cutie â¤ï¸ @jessi_afshin cute â¤â¤â¤ğŸ‘ğŸ‘,iâ€™ve been layering all kinds of knits  thermals  tees  and sweaters these days under those puffy coats (because austin srsly feels like the arctic just sayinâ€™) ğŸ’™ğŸ’™ linking some of my favorite layering basics for winter layering if you girls are in much need as i am (plus my favorite $60 ripped jeans!) â„ï¸â„ï¸ deets via the @liketoknow.it app or #liketkit,liketkit
1200313225829988543,#americanstyle #ltkunder100 #hairsandstyles #igstyle #inspiringoutfit #photoeveryday #styleoftheday #realoutfitgram #ltkunder50 #aboutalook #whatiwore so cozy! ğŸ’• ğŸ¶ğŸ¶ğŸ¶ğŸ¶ love your phone case babe! love this!!!! and you!! cutie â¤ï¸ @jessi_afshin cute â¤â¤â¤ğŸ‘ğŸ‘,iâ€™ve been layering all kinds of knits  thermals  tees  and sweaters these days under those puffy coats (because austin srsly feels like the arctic just sayinâ€™) ğŸ’™ğŸ’™ linking some of my favorite layering basics for winter layering if you girls are in much need as i am (plus my favorite $60 ripped jeans!) â„ï¸â„ï¸ deets via the @liketoknow.it app or #liketkit,liketkit
1200313225829988544,#americanstyle #ltkunder100 #hairsandstyles #igstyle #inspiringoutfit #photoeveryday #styleoftheday #realoutfitgram #ltkunder50 #aboutalook #whatiwore so cozy! ğŸ’• ğŸ¶ğŸ¶ğŸ¶ğŸ¶ love your phone case babe! love this!!!! and you!! cutie â¤ï¸ @jessi_afshin cute â¤â¤â¤ğŸ‘ğŸ‘,iâ€™ve been layering all kinds of knits  thermals  tees  and sweaters these days under those puffy coats (because austin srsly feels like the arctic just sayinâ€™) ğŸ’™ğŸ’™ linking some of my favorite layering basics for winter layering if you girls are in much need as i am (plus my favorite $60 ripped jeans!) â„ï¸â„ï¸ deets via the @liketoknow.it app or #liketkit,liketkit
1200313225829988545,#americanstyle #ltkunder100 #hairsandstyles #igstyle #inspiringoutfit #photoeveryday #styleoftheday #realoutfitgram #ltkunder50 #aboutalook #whatiwore so cozy! ğŸ’• ğŸ¶ğŸ¶ğŸ¶ğŸ¶ love your phone case babe! love this!!!! and you!! cutie â¤ï¸ @jessi_afshin cute â¤â¤â¤ğŸ‘ğŸ‘,iâ€™ve been layering all kinds of knits  thermals  tees  and sweaters these days under those puffy coats (because austin srsly feels like the arctic just sayinâ€™) ğŸ’™ğŸ’™ linking some of my favorite layering basics for winter layering if you girls are in much need as i am (plus my favorite $60 ripped jeans!) â„ï¸â„ï¸ deets via the @liketoknow.it app or #liketkit,liketkit
1200313225829988546,#americanstyle #ltkunder100 #hairsandstyles #igstyle #inspiringoutfit #photoeveryday #styleoftheday #realoutfitgram #ltkunder50 #aboutalook #whatiwore so cozy! ğŸ’• ğŸ¶ğŸ¶ğŸ¶ğŸ¶ love your phone case babe! love this!!!! and you!! cutie â¤ï¸ @jessi_afshin cute â¤â¤â¤ğŸ‘ğŸ‘,iâ€™ve been layering all kinds of knits  thermals  tees  and sweaters these days under those puffy coats (because austin srsly feels like the arctic just sayinâ€™) ğŸ’™ğŸ’™ linking some of my favorite layering basics for winter layering if you girls are in much need as i am (plus my favorite $60 ripped jeans!) â„ï¸â„ï¸ deets via the @liketoknow.it app or #liketkit,liketkit
